level,residual_drop,scale_drop,coefficient_bits,coefficients,cases,mae,mred,rmse,mae_change_pct,mred_change_pct,rmse_change_pct,cost_proxy,within_10pct
0,0,0,7,baseline,250000,0.043639571959480865,0.04273067405431772,0.06850961349417273,0.0,0.0,0.0,,yes
0,6,8,7,59,250000,0.04249142357536997,0.042764797230812064,0.055457465127492556,-2.6309799398970934,0.07985639648691034,-19.051557439877186,323,yes
0,6,8,8,118,250000,0.04249142357536997,0.042764797230812064,0.055457465127492556,-2.6309799398970934,0.07985639648691034,-19.051557439877186,340,yes
0,6,10,7,59,250000,0.04248673157052575,0.042760584603191355,0.05545849035591668,-2.6417316604881447,0.06999784004253495,-19.050060966065953,309,yes
0,6,10,8,118,250000,0.04248673157052575,0.042760584603191355,0.05545849035591668,-2.6417316604881447,0.06999784004253495,-19.050060966065953,324,yes
0,6,12,7,59,250000,0.042468185291271505,0.04274398712333339,0.05546271770146124,-2.684230425763534,0.031155766461221646,-19.043890524679764,295,yes
0,6,12,8,118,250000,0.042468185291271505,0.04274398712333339,0.05546271770146124,-2.684230425763534,0.031155766461221646,-19.043890524679764,308,yes
0,6,14,7,59,250000,0.042395026345208635,0.042678520451012295,0.05548120599748161,-2.8518740179848345,-0.12205190875090866,-19.01690409886677,281,yes
0,6,14,8,118,250000,0.042395026345208635,0.042678520451012295,0.05548120599748161,-2.8518740179848345,-0.12205190875090866,-19.01690409886677,292,yes
0,6,16,7,59,250000,0.04211845388355232,0.042433693182971036,0.05558204266076895,-3.485639312275779,-0.6950062874486185,-18.86971794769119,267,yes
0,6,16,8,119,250000,0.04442283572052564,0.04491449626112975,0.05539120733391136,1.7948474878993537,5.11066641269462,-19.148270572825798,276,yes
0,6,18,7,60,250000,0.04568569622351473,0.046448092468922855,0.05582480734110575,4.688690040162813,8.699648430258055,-18.51536668521114,253,yes
0,6,18,8,119,250000,0.043071728808444246,0.043709786596138604,0.055384297032544265,-1.3012115507545774,2.2913575867683944,-19.15835718843294,260,yes
0,6,20,7,61,250000,0.046219985788168674,0.04795812126384406,0.05798845139511794,5.913013608574591,12.233477063529087,-15.357205452559864,239,no
0,6,20,8,122,250000,0.046219985788168674,0.04795812126384406,0.05798845139511794,5.913013608574591,12.233477063529087,-15.357205452559864,244,no
0,8,8,7,59,250000,0.042492015799675584,0.04276532011471542,0.05545735737018385,-2.629622858974834,0.08108006991338623,-19.051714727742663,299,yes
0,8,8,8,118,250000,0.042492015799675584,0.04276532011471542,0.05545735737018385,-2.629622858974834,0.08108006991338623,-19.051714727742663,316,yes
0,8,10,7,59,250000,0.04248731801218732,0.042761100208772114,0.055458380317979346,-2.6403878304842476,0.07120448045287997,-19.05022158284908,285,yes
0,8,10,8,118,250000,0.04248731801218732,0.042761100208772114,0.055458380317979346,-2.6403878304842476,0.07120448045287997,-19.05022158284908,300,yes
0,8,12,7,59,250000,0.04246862581852578,0.042744336791468496,0.05546260004598851,-2.6832209583593225,0.031974073550555815,-19.04406226039206,271,yes
0,8,12,8,118,250000,0.04246862581852578,0.042744336791468496,0.05546260004598851,-2.6832209583593225,0.031974073550555815,-19.04406226039206,284,yes
0,8,14,7,59,250000,0.042395026345208635,0.042678520451012295,0.05548120599748161,-2.8518740179848345,-0.12205190875090866,-19.01690409886677,257,yes
0,8,14,8,118,250000,0.042395026345208635,0.042678520451012295,0.05548120599748161,-2.8518740179848345,-0.12205190875090866,-19.01690409886677,268,yes
0,8,16,7,59,250000,0.04211845388355232,0.042433693182971036,0.05558204266076895,-3.485639312275779,-0.6950062874486185,-18.86971794769119,243,yes
0,8,16,8,119,250000,0.04442283572052564,0.04491449626112975,0.05539120733391136,1.7948474878993537,5.11066641269462,-19.148270572825798,252,yes
0,8,18,7,60,250000,0.04568569622351473,0.046448092468922855,0.05582480734110575,4.688690040162813,8.699648430258055,-18.51536668521114,229,yes
0,8,18,8,119,250000,0.043071728808444246,0.043709786596138604,0.055384297032544265,-1.3012115507545774,2.2913575867683944,-19.15835718843294,236,yes
0,8,20,7,61,250000,0.046219985788168674,0.04795812126384406,0.05798845139511794,5.913013608574591,12.233477063529087,-15.357205452559864,215,no
0,8,20,8,122,250000,0.046219985788168674,0.04795812126384406,0.05798845139511794,5.913013608574591,12.233477063529087,-15.357205452559864,220,no
0,10,8,7,59,250000,0.04249285077638182,0.04276615130999722,0.05545714028691729,-2.627709511366816,0.08302526572456781,-19.052031593151007,275,yes
0,10,8,8,118,250000,0.04249285077638182,0.04276615130999722,0.05545714028691729,-2.627709511366816,0.08302526572456781,-19.052031593151007,292,yes
0,10,10,7,59,250000,0.04248971585015185,0.04276333567244481,0.05545782073763466,-2.6348931891372662,0.07643600025024622,-19.051038373830885,261,yes
0,10,10,8,118,250000,0.04248971585015185,0.04276333567244481,0.05545782073763466,-2.6348931891372662,0.07643600025024622,-19.051038373830885,276,yes
0,10,12,7,59,250000,0.042470972740611235,0.04274651949618905,0.05546201686483659,-2.677842990656898,0.03708212477806505,-19.044913500272397,247,yes
0,10,12,8,118,250000,0.042470972740611235,0.04274651949618905,0.05546201686483659,-2.677842990656898,0.03708212477806505,-19.044913500272397,260,yes
0,10,14,7,59,250000,0.04239707927743031,0.04268035360111591,0.05548052594354582,-2.847169727522081,-0.11776189895306155,-19.017896739024998,233,yes
0,10,14,8,118,250000,0.04239707927743031,0.04268035360111591,0.05548052594354582,-2.847169727522081,-0.11776189895306155,-19.017896739024998,244,yes
0,10,16,7,59,250000,0.04211845388355232,0.042433693182971036,0.05558204266076895,-3.485639312275779,-0.6950062874486185,-18.86971794769119,219,yes
0,10,16,8,119,250000,0.04442283572052564,0.04491449626112975,0.05539120733391136,1.7948474878993537,5.11066641269462,-19.148270572825798,228,yes
0,10,18,7,60,250000,0.04568569622351473,0.046448092468922855,0.05582480734110575,4.688690040162813,8.699648430258055,-18.51536668521114,205,yes
0,10,18,8,119,250000,0.043071728808444246,0.043709786596138604,0.055384297032544265,-1.3012115507545774,2.2913575867683944,-19.15835718843294,212,yes
0,10,20,7,61,250000,0.046219985788168674,0.04795812126384406,0.05798845139511794,5.913013608574591,12.233477063529087,-15.357205452559864,191,no
0,10,20,8,122,250000,0.046219985788168674,0.04795812126384406,0.05798845139511794,5.913013608574591,12.233477063529087,-15.357205452559864,196,no
0,12,8,7,59,250000,0.042493011692319005,0.042765758806473556,0.05545811100137646,-2.6273407727886,0.08210671357824495,-19.050614690603098,251,yes
0,12,8,8,118,250000,0.042493011692319005,0.042765758806473556,0.05545811100137646,-2.6273407727886,0.08210671357824495,-19.050614690603098,268,yes
0,12,10,7,59,250000,0.042493011692319005,0.042765758806473556,0.05545811100137646,-2.6273407727886,0.08210671357824495,-19.050614690603098,237,yes
0,12,10,8,118,250000,0.042493011692319005,0.042765758806473556,0.05545811100137646,-2.6273407727886,0.08210671357824495,-19.050614690603098,252,yes
0,12,12,7,59,250000,0.04248050916996081,0.042754532578400554,0.05546094941563388,-2.6559902800977087,0.05583465417022815,-19.046471601607763,223,yes
0,12,12,8,118,250000,0.04248050916996081,0.042754532578400554,0.05546094941563388,-2.6559902800977087,0.05583465417022815,-19.046471601607763,236,yes
0,12,14,7,59,250000,0.04240647080837106,0.04268824660691173,0.055479303563971676,-2.8256490514039334,-0.09929037710020294,-19.019680984347374,209,yes
0,12,14,8,118,250000,0.04240647080837106,0.04268824660691173,0.055479303563971676,-2.8256490514039334,-0.09929037710020294,-19.019680984347374,220,yes
0,12,16,7,59,250000,0.04212858531492405,0.042442409427036865,0.055579358091085426,-3.462423155661931,-0.6746081910957491,-18.873636477582988,195,yes
0,12,16,8,119,250000,0.04443669886847378,0.04492678624650893,0.055395110452600795,1.8266148662801962,5.1394279186880665,-19.142573388897343,204,yes
0,12,18,7,60,250000,0.04568569622351473,0.046448092468922855,0.05582480734110575,4.688690040162813,8.699648430258055,-18.51536668521114,181,yes
0,12,18,8,119,250000,0.043071728808444246,0.043709786596138604,0.055384297032544265,-1.3012115507545774,2.2913575867683944,-19.15835718843294,188,yes
0,12,20,7,61,250000,0.046219985788168674,0.04795812126384406,0.05798845139511794,5.913013608574591,12.233477063529087,-15.357205452559864,167,no
0,12,20,8,122,250000,0.046219985788168674,0.04795812126384406,0.05798845139511794,5.913013608574591,12.233477063529087,-15.357205452559864,172,no
0,14,8,7,59,250000,0.04249353498943742,0.04275881872107457,0.05547074939692923,-2.6261416383908,0.06586525342680005,-19.03216706711176,227,yes
0,14,8,8,118,250000,0.04249353498943742,0.04275881872107457,0.05547074939692923,-2.6261416383908,0.06586525342680005,-19.03216706711176,244,yes
0,14,10,7,59,250000,0.04249353498943742,0.04275881872107457,0.05547074939692923,-2.6261416383908,0.06586525342680005,-19.03216706711176,213,yes
0,14,10,8,118,250000,0.04249353498943742,0.04275881872107457,0.05547074939692923,-2.6261416383908,0.06586525342680005,-19.03216706711176,228,yes
0,14,12,7,59,250000,0.04249353498943742,0.04275881872107457,0.05547074939692923,-2.6261416383908,0.06586525342680005,-19.03216706711176,199,yes
0,14,12,8,118,250000,0.04249353498943742,0.04275881872107457,0.05547074939692923,-2.6261416383908,0.06586525342680005,-19.03216706711176,212,yes
0,14,14,7,59,250000,0.04244393404539886,0.04271437463141788,0.05548248665541557,-2.7398021116984084,-0.038144548993346294,-19.01503478758527,185,yes
0,14,14,8,118,250000,0.04244393404539886,0.04271437463141788,0.05548248665541557,-2.7398021116984084,-0.038144548993346294,-19.01503478758527,196,yes
0,14,16,7,59,250000,0.04216352541932214,0.042466000876909105,0.055578353808932966,-3.3823579698014195,-0.6193985544720726,-18.875102377186327,171,yes
0,14,16,8,119,250000,0.044489050800046746,0.04496734256923095,0.05541914913613929,1.946579222533673,5.234339416387512,-19.10748534458874,180,yes
0,14,18,7,60,250000,0.045740966381466186,0.04649071452097835,0.055855441032395405,4.8153415068700856,8.799394228794522,-18.47065224335802,157,yes
0,14,18,8,119,250000,0.04311419571026478,0.04373968705860325,0.05539001544382554,-1.2038987222512065,2.3613318222008406,-19.150010314192055,164,yes
0,14,20,7,61,250000,0.046219985788168674,0.04795812126384406,0.05798845139511794,5.913013608574591,12.233477063529087,-15.357205452559864,143,no
0,14,20,8,122,250000,0.046219985788168674,0.04795812126384406,0.05798845139511794,5.913013608574591,12.233477063529087,-15.357205452559864,148,no
0,16,8,7,59,250000,0.04252103775981621,0.04278640872256747,0.05551542989099499,-2.563119089947108,0.13043245744006615,-18.966949221342478,203,yes
0,16,8,8,118,250000,0.04252103775981621,0.04278640872256747,0.05551542989099499,-2.563119089947108,0.13043245744006615,-18.966949221342478,220,yes
0,16,10,7,59,250000,0.04252103775981621,0.04278640872256747,0.05551542989099499,-2.563119089947108,0.13043245744006615,-18.966949221342478,189,yes
0,16,10,8,118,250000,0.04252103775981621,0.04278640872256747,0.05551542989099499,-2.563119089947108,0.13043245744006615,-18.966949221342478,204,yes
0,16,12,7,59,250000,0.04252103775981621,0.04278640872256747,0.05551542989099499,-2.563119089947108,0.13043245744006615,-18.966949221342478,175,yes
0,16,12,8,118,250000,0.04252103775981621,0.04278640872256747,0.05551542989099499,-2.563119089947108,0.13043245744006615,-18.966949221342478,188,yes
0,16,14,7,59,250000,0.04252103775981621,0.04278640872256747,0.05551542989099499,-2.563119089947108,0.13043245744006615,-18.966949221342478,161,yes
0,16,14,8,118,250000,0.04252103775981621,0.04278640872256747,0.05551542989099499,-2.563119089947108,0.13043245744006615,-18.966949221342478,172,yes
0,16,16,7,59,250000,0.042330295245917846,0.0426166875982431,0.05557328508726893,-3.000205214612728,-0.2667555768713692,-18.88250093252115,147,yes
0,16,16,8,119,250000,0.04471812192267861,0.04518066006479566,0.05552170994294363,2.471495284598957,5.733553389220125,-18.95778254877153,156,yes
0,16,18,7,60,250000,0.04599071554831091,0.046721778477819845,0.0559999821624193,5.3876412697472675,9.340139166606122,-18.25967290388738,133,yes
0,16,18,8,119,250000,0.043304915319640404,0.04391175396005562,0.05542751724777925,-0.7668650832578949,2.7640095361860073,-19.09527083743686,140,yes
0,16,20,7,61,250000,0.04643291544364656,0.04814380677466912,0.05810158889879051,6.400941527930892,12.668025581507125,-15.192064390010751,119,no
0,16,20,8,121,250000,0.04439814022093392,0.046072086705865135,0.058030105569722774,1.7382577953729328,7.819704990611487,-15.296404971458955,124,yes
0,18,8,7,59,250000,0.042956376990145574,0.04320848305461524,0.05622641411917772,-1.5655400331827996,1.1181873697806655,-17.929161687709406,179,yes
0,18,8,8,118,250000,0.042956376990145574,0.04320848305461524,0.05622641411917772,-1.5655400331827996,1.1181873697806655,-17.929161687709406,196,yes
0,18,10,7,59,250000,0.042956376990145574,0.04320848305461524,0.05622641411917772,-1.5655400331827996,1.1181873697806655,-17.929161687709406,165,yes
0,18,10,8,118,250000,0.042956376990145574,0.04320848305461524,0.05622641411917772,-1.5655400331827996,1.1181873697806655,-17.929161687709406,180,yes
0,18,12,7,59,250000,0.042956376990145574,0.04320848305461524,0.05622641411917772,-1.5655400331827996,1.1181873697806655,-17.929161687709406,151,yes
0,18,12,8,118,250000,0.042956376990145574,0.04320848305461524,0.05622641411917772,-1.5655400331827996,1.1181873697806655,-17.929161687709406,164,yes
0,18,14,7,59,250000,0.042956376990145574,0.04320848305461524,0.05622641411917772,-1.5655400331827996,1.1181873697806655,-17.929161687709406,137,yes
0,18,14,8,118,250000,0.042956376990145574,0.04320848305461524,0.05622641411917772,-1.5655400331827996,1.1181873697806655,-17.929161687709406,148,yes
0,18,16,7,59,250000,0.042956376990145574,0.04320848305461524,0.05622641411917772,-1.5655400331827996,1.1181873697806655,-17.929161687709406,123,yes
0,18,16,8,118,250000,0.042956376990145574,0.04320848305461524,0.05622641411917772,-1.5655400331827996,1.1181873697806655,-17.929161687709406,132,yes
0,18,18,7,59,250000,0.04234404918495703,0.04268503760354199,0.0566326425161487,-2.9686880882487166,-0.1068002126943246,-17.33621074804963,109,yes
0,18,18,8,119,250000,0.0443983552672889,0.044920302551601475,0.056163697633882466,1.738750573705361,5.124254521471805,-18.020705752982213,116,yes
0,18,20,7,61,250000,0.04762318602178277,0.04921319999695308,0.05911011466194361,9.128444399043767,15.170661558942422,-13.719970603875353,95,no
0,18,20,8,121,250000,0.04539371539002022,0.046943895589648676,0.0586339055359919,4.019616489749422,9.859946346681214,-14.415068856023883,100,yes
0,20,8,7,59,250000,0.050733081714000934,0.05068775330639076,0.06657134267154265,16.25476473762475,18.62146906917097,-2.829195384082772,155,no
0,20,8,8,118,250000,0.050733081714000934,0.05068775330639076,0.06657134267154265,16.25476473762475,18.62146906917097,-2.829195384082772,172,no
0,20,10,7,59,250000,0.050733081714000934,0.05068775330639076,0.06657134267154265,16.25476473762475,18.62146906917097,-2.829195384082772,141,no
0,20,10,8,118,250000,0.050733081714000934,0.05068775330639076,0.06657134267154265,16.25476473762475,18.62146906917097,-2.829195384082772,156,no
0,20,12,7,59,250000,0.050733081714000934,0.05068775330639076,0.06657134267154265,16.25476473762475,18.62146906917097,-2.829195384082772,127,no
0,20,12,8,118,250000,0.050733081714000934,0.05068775330639076,0.06657134267154265,16.25476473762475,18.62146906917097,-2.829195384082772,140,no
0,20,14,7,59,250000,0.050733081714000934,0.05068775330639076,0.06657134267154265,16.25476473762475,18.62146906917097,-2.829195384082772,113,no
0,20,14,8,118,250000,0.050733081714000934,0.05068775330639076,0.06657134267154265,16.25476473762475,18.62146906917097,-2.829195384082772,124,no
0,20,16,7,59,250000,0.050733081714000934,0.05068775330639076,0.06657134267154265,16.25476473762475,18.62146906917097,-2.829195384082772,99,no
0,20,16,8,118,250000,0.050733081714000934,0.05068775330639076,0.06657134267154265,16.25476473762475,18.62146906917097,-2.829195384082772,108,no
0,20,18,7,59,250000,0.050733081714000934,0.05068775330639076,0.06657134267154265,16.25476473762475,18.62146906917097,-2.829195384082772,85,no
0,20,18,8,118,250000,0.050733081714000934,0.05068775330639076,0.06657134267154265,16.25476473762475,18.62146906917097,-2.829195384082772,92,no
0,20,20,7,60,250000,0.0529528537831279,0.05368472100868651,0.06832604547503254,21.341368408229044,25.635090474922983,-0.26794490550702266,71,no
0,20,20,8,120,250000,0.0529528537831279,0.05368472100868651,0.06832604547503254,21.341368408229044,25.635090474922983,-0.26794490550702266,76,no
1,0,0,7,baseline,250000,0.011866260504385657,0.011044201684662195,0.019394308426695938,0.0,0.0,0.0,,yes
1,6,8,7,83 42,250000,0.011391001451594659,0.010753267119170887,0.015845795261064534,-4.00512910209031,-2.634274289787264,-18.296672856594032,323,yes
1,6,8,8,166 84,250000,0.011391001451594659,0.010753267119170887,0.015845795261064534,-4.00512910209031,-2.634274289787264,-18.296672856594032,340,yes
1,6,10,7,83 42,250000,0.011386923405449308,0.010749569775741557,0.015847220302241352,-4.03949583577059,-2.6677519782150716,-18.289325127840495,309,yes
1,6,10,8,166 84,250000,0.011386923405449308,0.010749569775741557,0.015847220302241352,-4.03949583577059,-2.6677519782150716,-18.289325127840495,324,yes
1,6,12,7,83 42,250000,0.011371029871841562,0.010735201565442597,0.01585342593814416,-4.173434692092437,-2.797849297235555,-18.257327926567424,295,yes
1,6,12,8,166 84,250000,0.011371029871841562,0.010735201565442597,0.01585342593814416,-4.173434692092437,-2.797849297235555,-18.257327926567424,308,yes
1,6,14,7,83 42,250000,0.011312564825468498,0.010682935325157909,0.01588557833334103,-4.666134530861832,-3.2710952753244316,-18.091545293387213,281,yes
1,6,14,8,166 84,250000,0.011312564825468498,0.010682935325157909,0.01588557833334103,-4.666134530861832,-3.2710952753244316,-18.091545293387213,292,yes
1,6,16,7,83 42,250000,0.011165222391135887,0.010563143980710427,0.016130221060447227,-5.907826757980517,-4.355748995600517,-16.830130234268882,267,yes
1,6,16,8,166 84,250000,0.011165222391135887,0.010563143980710427,0.016130221060447227,-5.907826757980517,-4.355748995600517,-16.830130234268882,276,yes
1,6,18,7,84 42,250000,0.013097110007070647,0.012539648238547339,0.017441536348071773,10.372682297258518,13.540558173271755,-10.068789438948011,253,no
1,6,18,8,167 85,250000,0.012398499798826141,0.011954821879269452,0.016842223637469993,4.4853161132251795,8.245233296236298,-13.158936802887201,260,yes
1,6,20,7,86 43,250000,0.019763834907073504,0.01944116748410277,0.025783065561868553,66.55487126520592,76.03053655840051,32.94140216094841,239,no
1,6,20,8,171 86,250000,0.01967506855721102,0.019460906082232523,0.025745915329622702,65.80681462318564,76.20926018816874,32.74984992083494,244,no
1,8,8,7,83 42,250000,0.011391396234771624,0.010753550216774979,0.015845758295594713,-4.001802163693668,-2.631710975460211,-18.29686345617101,299,yes
1,8,8,8,166 84,250000,0.011391396234771624,0.010753550216774979,0.015845758295594713,-4.001802163693668,-2.631710975460211,-18.29686345617101,316,yes
1,8,10,7,83 42,250000,0.011387316437274803,0.010749851007616194,0.015847178560279805,-4.036183656458913,-2.665205557181971,-18.289540355734303,285,yes
1,8,10,8,166 84,250000,0.011387316437274803,0.010749851007616194,0.015847178560279805,-4.036183656458913,-2.665205557181971,-18.289540355734303,300,yes
1,8,12,7,83 42,250000,0.01137135599966983,0.01073542139891842,0.015853347717923405,-4.1706863298080705,-2.795858809538032,-18.257731241906317,271,yes
1,8,12,8,166 84,250000,0.01137135599966983,0.01073542139891842,0.015853347717923405,-4.1706863298080705,-2.795858809538032,-18.257731241906317,284,yes
1,8,14,7,83 42,250000,0.011312705230090179,0.01068300387413363,0.01588549678013247,-4.664951305349218,-3.2704745969116433,-18.09196579411745,257,yes
1,8,14,8,166 84,250000,0.011312705230090179,0.01068300387413363,0.01588549678013247,-4.664951305349218,-3.2704745969116433,-18.09196579411745,268,yes
1,8,16,7,83 42,250000,0.011165070540679313,0.010563063049353286,0.016130232659441232,-5.909106440459411,-4.356481790595124,-16.830070428094057,243,yes
1,8,16,8,166 84,250000,0.011165070540679313,0.010563063049353286,0.016130232659441232,-5.909106440459411,-4.356481790595124,-16.830070428094057,252,yes
1,8,18,7,84 42,250000,0.013097096016059498,0.012540048106082445,0.017442049642024143,10.372564391443607,13.544178783855699,-10.066142817366686,229,no
1,8,18,8,167 85,250000,0.012398010054624802,0.011954652424296323,0.016842479888959205,4.48118891408642,8.243698961949697,-13.157615531287437,236,yes
1,8,20,7,86 43,250000,0.019760415298882453,0.019446098008385072,0.025779998647111134,66.52605335589247,76.07518011366217,32.92558868263331,215,no
1,8,20,8,171 86,250000,0.01967158029304424,0.01946519860578764,0.025742537479796785,65.77741813247577,76.24812694991104,32.73243321407953,220,no
1,10,8,7,83 42,250000,0.011392968227920542,0.010754814805621035,0.015845486680402244,-3.988554576989023,-2.6202607241685105,-18.29826394535833,275,yes
1,10,8,8,166 84,250000,0.011392968227920542,0.010754814805621035,0.015845486680402244,-3.988554576989023,-2.6202607241685105,-18.29826394535833,292,yes
1,10,10,7,83 42,250000,0.011388891623631043,0.010751121150602314,0.015846899158029247,-4.022909159782751,-2.653705015790331,-18.290980996175875,261,yes
1,10,10,8,166 84,250000,0.011388891623631043,0.010751121150602314,0.015846899158029247,-4.022909159782751,-2.653705015790331,-18.290980996175875,276,yes
1,10,12,7,83 42,250000,0.011372937632898763,0.010736713291951078,0.01585306472922202,-4.157357503693493,-2.784161331806767,-18.259190374633082,247,yes
1,10,12,8,166 84,250000,0.011372937632898763,0.010736713291951078,0.01585306472922202,-4.157357503693493,-2.784161331806767,-18.259190374633082,260,yes
1,10,14,7,83 42,250000,0.011314015364751155,0.010684109427957614,0.01588481579238246,-4.653910466826483,-3.260464332199442,-18.095477070389997,233,yes
1,10,14,8,166 84,250000,0.011314015364751155,0.010684109427957614,0.01588481579238246,-4.653910466826483,-3.260464332199442,-18.095477070389997,244,yes
1,10,16,7,83 42,250000,0.011165781525747164,0.010563871710888748,0.01612895645098994,-5.903114788181185,-4.3491597445247,-16.83665075270896,219,yes
1,10,16,8,166 84,250000,0.011165781525747164,0.010563871710888748,0.01612895645098994,-5.903114788181185,-4.3491597445247,-16.83665075270896,228,yes
1,10,18,7,84 42,250000,0.013096943456789531,0.012540724469219795,0.017441342834585438,10.371278735613675,13.55030293077606,-10.069787223875826,205,no
1,10,18,8,167 85,250000,0.012398387408182051,0.01195587937068577,0.01684148066888653,4.484368968637797,8.254808378677847,-13.16276766175114,212,yes
1,10,20,7,86 43,250000,0.019765642420462852,0.01944471174443633,0.025786797482305186,66.57010364097147,76.06262815211416,32.96064450955154,191,no
1,10,20,8,171 86,250000,0.01967651910211952,0.01946436671386521,0.025748770570970456,65.81903873463142,76.24059456372161,32.76457197889928,196,no
1,12,8,7,83 42,250000,0.01139569068775312,0.010755676303588863,0.015847616031074513,-3.9656117144792002,-2.612460269301553,-18.287284689870475,251,yes
1,12,8,8,166 84,250000,0.01139569068775312,0.010755676303588863,0.015847616031074513,-3.9656117144792002,-2.612460269301553,-18.287284689870475,268,yes
1,12,10,7,83 42,250000,0.01139569068775312,0.010755676303588863,0.015847616031074513,-3.9656117144792002,-2.612460269301553,-18.287284689870475,237,yes
1,12,10,8,166 84,250000,0.01139569068775312,0.010755676303588863,0.015847616031074513,-3.9656117144792002,-2.612460269301553,-18.287284689870475,252,yes
1,12,12,7,83 42,250000,0.011379677129128364,0.010741212108191017,0.015853979654469986,-4.100562052193746,-2.743426687797268,-18.254472881088912,223,yes
1,12,12,8,166 84,250000,0.011379677129128364,0.010741212108191017,0.015853979654469986,-4.100562052193746,-2.743426687797268,-18.254472881088912,236,yes
1,12,14,7,83 42,250000,0.011320175066327105,0.010688117856912583,0.01588480441060759,-4.602001092565966,-3.2241699121098866,-18.095535756549985,209,yes
1,12,14,8,166 84,250000,0.011320175066327105,0.010688117856912583,0.01588480441060759,-4.602001092565966,-3.2241699121098866,-18.095535756549985,220,yes
1,12,16,7,83 42,250000,0.01116904301991615,0.010565521225982064,0.016125444999755534,-5.875629346008548,-4.334224168913048,-16.854756328618905,195,yes
1,12,16,8,166 84,250000,0.01116904301991615,0.010565521225982064,0.016125444999755534,-5.875629346008548,-4.334224168913048,-16.854756328618905,204,yes
1,12,18,7,84 42,250000,0.013107034409212947,0.01254828912349814,0.017451416900957712,10.456317762185584,13.618797281878404,-10.017843807536176,181,no
1,12,18,8,167 85,250000,0.01239965895362402,0.011954737372954103,0.016839372441576433,4.495084605982003,8.244468131693283,-13.173638001975252,188,yes
1,12,20,7,86 43,250000,0.019763558485145605,0.01944891529458213,0.025783958465521124,66.55254178720568,76.10068930189956,32.94600610780192,167,no
1,12,20,8,171 86,250000,0.01967209925485396,0.01946621542277488,0.025742188591549864,65.78179155584306,76.25733374471861,32.73063429328666,172,no
1,14,8,7,83 42,250000,0.01141357588917242,0.010760436386811907,0.015873656254456622,-3.8148885661656307,-2.5693599768679687,-18.153017342929324,227,yes
1,14,8,8,166 84,250000,0.01141357588917242,0.010760436386811907,0.015873656254456622,-3.8148885661656307,-2.5693599768679687,-18.153017342929324,244,yes
1,14,10,7,83 42,250000,0.01141357588917242,0.010760436386811907,0.015873656254456622,-3.8148885661656307,-2.5693599768679687,-18.153017342929324,213,yes
1,14,10,8,166 84,250000,0.01141357588917242,0.010760436386811907,0.015873656254456622,-3.8148885661656307,-2.5693599768679687,-18.153017342929324,228,yes
1,14,12,7,83 42,250000,0.01141357588917242,0.010760436386811907,0.015873656254456622,-3.8148885661656307,-2.5693599768679687,-18.153017342929324,199,yes
1,14,12,8,166 84,250000,0.01141357588917242,0.010760436386811907,0.015873656254456622,-3.8148885661656307,-2.5693599768679687,-18.153017342929324,212,yes
1,14,14,7,83 42,250000,0.011351978836665054,0.010705672518123906,0.015900896425963238,-4.333982618454479,-3.0652207937168163,-18.012562881201156,185,yes
1,14,14,8,166 84,250000,0.011351978836665054,0.010705672518123906,0.015900896425963238,-4.333982618454479,-3.0652207937168163,-18.012562881201156,196,yes
1,14,16,7,83 42,250000,0.011192390900314443,0.010576579248860343,0.016127052701215786,-5.678870810413761,-4.234099024570237,-16.846466775700186,171,yes
1,14,16,8,166 84,250000,0.011192390900314443,0.010576579248860343,0.016127052701215786,-5.678870810413761,-4.234099024570237,-16.846466775700186,180,yes
1,14,18,7,84 42,250000,0.013156348259072711,0.012582202401485516,0.017500379905691657,10.871898136824566,13.925865904452305,-9.76538311826226,157,no
1,14,18,8,167 85,250000,0.012416640309582191,0.011957586108947649,0.016838367722833716,4.638190818355281,8.270262082898494,-13.178818484416865,164,yes
1,14,20,7,86 43,250000,0.01979346785281787,0.019455146611870693,0.025822028790648165,66.80459564748638,76.15711091992577,33.14230248656136,143,no
1,14,20,8,171 86,250000,0.01968541939882306,0.019461082834629002,0.025752706633844134,65.89404380215247,76.21086059715734,32.78486691691449,148,no
1,16,8,7,83 42,250000,0.011579182598186006,0.010909911726090413,0.01606325679759882,-2.41927864379472,-1.215931783990143,-17.17540814454608,203,yes
1,16,8,8,166 84,250000,0.011579182598186006,0.010909911726090413,0.01606325679759882,-2.41927864379472,-1.215931783990143,-17.17540814454608,220,yes
1,16,10,7,83 42,250000,0.011579182598186006,0.010909911726090413,0.01606325679759882,-2.41927864379472,-1.215931783990143,-17.17540814454608,189,yes
1,16,10,8,166 84,250000,0.011579182598186006,0.010909911726090413,0.01606325679759882,-2.41927864379472,-1.215931783990143,-17.17540814454608,204,yes
1,16,12,7,83 42,250000,0.011579182598186006,0.010909911726090413,0.01606325679759882,-2.41927864379472,-1.215931783990143,-17.17540814454608,175,yes
1,16,12,8,166 84,250000,0.011579182598186006,0.010909911726090413,0.01606325679759882,-2.41927864379472,-1.215931783990143,-17.17540814454608,188,yes
1,16,14,7,83 42,250000,0.011579182598186006,0.010909911726090413,0.01606325679759882,-2.41927864379472,-1.215931783990143,-17.17540814454608,161,yes
1,16,14,8,166 84,250000,0.011579182598186006,0.010909911726090413,0.01606325679759882,-2.41927864379472,-1.215931783990143,-17.17540814454608,172,yes
1,16,16,7,83 42,250000,0.011410847332303475,0.01078233655135932,0.016232578491446124,-3.8378828099540296,-2.3710643899825246,-16.30235977322989,147,yes
1,16,16,8,166 84,250000,0.011410847332303475,0.01078233655135932,0.016232578491446124,-3.8378828099540296,-2.3710643899825246,-16.30235977322989,156,yes
1,16,18,7,84 42,250000,0.013460520715961249,0.012861107963520895,0.01782767769299193,13.435236913822756,16.45122328200468,-8.077786014517363,133,no
1,16,18,8,167 85,250000,0.01261114418923164,0.012122056855193752,0.016970053174630906,6.277324558740993,9.759466562698194,-12.499828293583725,140,yes
1,16,20,7,86 43,250000,0.01992372465891367,0.019566580571570836,0.0260001143372458,67.90230293317808,77.16609249126829,34.060538613777425,119,no
1,16,20,8,171 86,250000,0.019728941442760065,0.01950491228574015,0.02578557422594233,66.26081515291557,76.60771545695238,32.95433721394738,124,no
1,18,8,7,83 42,250000,0.013886564552714484,0.01321387304918595,0.018785382740996972,17.025616853617386,19.645343561019168,-3.1397133236304997,179,no
1,18,8,8,166 84,250000,0.013886564552714484,0.01321387304918595,0.018785382740996972,17.025616853617386,19.645343561019168,-3.1397133236304997,196,no
1,18,10,7,83 42,250000,0.013886564552714484,0.01321387304918595,0.018785382740996972,17.025616853617386,19.645343561019168,-3.1397133236304997,165,no
1,18,10,8,166 84,250000,0.013886564552714484,0.01321387304918595,0.018785382740996972,17.025616853617386,19.645343561019168,-3.1397133236304997,180,no
1,18,12,7,83 42,250000,0.013886564552714484,0.01321387304918595,0.018785382740996972,17.025616853617386,19.645343561019168,-3.1397133236304997,151,no
1,18,12,8,166 84,250000,0.013886564552714484,0.01321387304918595,0.018785382740996972,17.025616853617386,19.645343561019168,-3.1397133236304997,164,no
1,18,14,7,83 42,250000,0.013886564552714484,0.01321387304918595,0.018785382740996972,17.025616853617386,19.645343561019168,-3.1397133236304997,137,no
1,18,14,8,166 84,250000,0.013886564552714484,0.01321387304918595,0.018785382740996972,17.025616853617386,19.645343561019168,-3.1397133236304997,148,no
1,18,16,7,83 42,250000,0.013886564552714484,0.01321387304918595,0.018785382740996972,17.025616853617386,19.645343561019168,-3.1397133236304997,123,no
1,18,16,8,166 84,250000,0.013886564552714484,0.01321387304918595,0.018785382740996972,17.025616853617386,19.645343561019168,-3.1397133236304997,132,no
1,18,18,7,83 42,250000,0.014655905390519437,0.014235160070692454,0.02021135810370562,23.50904807039045,28.892612405491946,4.212832234249841,109,no
1,18,18,8,167 85,250000,0.014764625657738114,0.014131773928539206,0.01954916376489489,24.425261456894944,27.95649999913461,0.7984576443354596,116,no
1,18,20,7,85 43,250000,0.021051509238122552,0.02070174872129782,0.027742443091749797,77.40643086625407,87.44450085557285,43.04425030986303,95,no
1,18,20,8,171 86,250000,0.021017166997048115,0.020573242712187956,0.027526424743624482,77.11702005261363,86.28093998644886,41.93042689645392,100,no
1,20,8,7,82 42,250000,0.032929389348200284,0.03163924169064076,0.0425836775661137,177.5043522433196,186.4783041274974,119.56790945686926,155,no
1,20,8,8,165 85,250000,0.03292062496286475,0.031640147036014914,0.04244140231660026,177.43049253551783,186.48650159980016,118.83431666055384,172,no
1,20,10,7,82 42,250000,0.032929389348200284,0.03163924169064076,0.0425836775661137,177.5043522433196,186.4783041274974,119.56790945686926,141,no
1,20,10,8,165 85,250000,0.03292062496286475,0.031640147036014914,0.04244140231660026,177.43049253551783,186.48650159980016,118.83431666055384,156,no
1,20,12,7,82 42,250000,0.032929389348200284,0.03163924169064076,0.0425836775661137,177.5043522433196,186.4783041274974,119.56790945686926,127,no
1,20,12,8,165 85,250000,0.03292062496286475,0.031640147036014914,0.04244140231660026,177.43049253551783,186.48650159980016,118.83431666055384,140,no
1,20,14,7,82 42,250000,0.032929389348200284,0.03163924169064076,0.0425836775661137,177.5043522433196,186.4783041274974,119.56790945686926,113,no
1,20,14,8,165 85,250000,0.03292062496286475,0.031640147036014914,0.04244140231660026,177.43049253551783,186.48650159980016,118.83431666055384,124,no
1,20,16,7,82 42,250000,0.032929389348200284,0.03163924169064076,0.0425836775661137,177.5043522433196,186.4783041274974,119.56790945686926,99,no
1,20,16,8,165 85,250000,0.03292062496286475,0.031640147036014914,0.04244140231660026,177.43049253551783,186.48650159980016,118.83431666055384,108,no
1,20,18,7,82 42,250000,0.032929389348200284,0.03163924169064076,0.0425836775661137,177.5043522433196,186.4783041274974,119.56790945686926,85,no
1,20,18,8,165 85,250000,0.03292062496286475,0.031640147036014914,0.04244140231660026,177.43049253551783,186.48650159980016,118.83431666055384,92,no
1,20,20,7,84 43,250000,0.03576726409601769,0.03487639591335611,0.046032812451265614,201.41984564386098,215.7891978900679,137.3521728049979,71,no
1,20,20,8,169 86,250000,0.03576540616961998,0.03486640418885774,0.046030751694342086,201.40418842483209,215.69872757103843,137.3415472292971,76,no
2,0,0,7,baseline,250000,0.008034910176084691,0.008354478942548304,0.00946019811297527,0.0,0.0,0.0,,yes
2,6,8,7,102 68 49 36,250000,0.007503417934812645,0.007758465798414639,0.008430938054916943,-6.614787590955196,-7.134055256255955,-10.879899614857214,323,yes
2,6,8,8,203 136 97 73,250000,0.0031518045678716054,0.0029498252620061027,0.004327310306409167,-60.773617889933405,-64.69169074108241,-54.25772003152891,340,yes
2,6,10,7,102 68 49 36,250000,0.0074938508074557705,0.007750810791297331,0.008423044669339097,-6.733857090765538,-7.225682839136349,-10.963337461333388,309,yes
2,6,10,8,203 136 97 73,250000,0.0031468690876548977,0.0029449729016448874,0.00432726811902312,-60.83504334595653,-64.74977168657983,-54.258165977644865,324,yes
2,6,12,7,102 68 49 36,250000,0.0074561047463272,0.007720660031635262,0.008392373703688982,-7.203632860517373,-7.586576197889283,-11.287548067536745,295,yes
2,6,12,8,203 136 97 73,250000,0.0031284257903823965,0.0029268793750468567,0.0043288944905189855,-61.06458290356598,-64.96634445817284,-54.2409742499829,308,yes
2,6,14,7,102 68 49 36,250000,0.007313287694798602,0.007607518014461377,0.00828408103013441,-8.98108958870436,-8.940843985885804,-12.432266944047822,281,yes
2,6,14,8,203 136 97 73,250000,0.003077451604855494,0.0028779343173169557,0.004364567078642029,-61.69899180683689,-65.55219856189953,-53.863893477497626,292,yes
2,6,16,7,102 68 49 37,250000,0.006748327831278243,0.0070820007455044244,0.007906477595890677,-16.012404826078384,-15.231089883575011,-16.423762996607483,267,yes
2,6,16,8,204 136 97 73,250000,0.0034914338806497918,0.003236368209901636,0.004779677809653099,-56.54669680014863,-61.26187842285146,-49.47592267547268,276,yes
2,6,18,7,102 68 49 37,250000,0.007059033989701718,0.0069829040712312135,0.008875028816506678,-12.145452344789065,-16.417240150451907,-6.185592410226526,253,yes
2,6,18,8,205 137 98 73,250000,0.005427166309005298,0.005286821877992323,0.00698006271261972,-32.455171370068925,-36.71871203041511,-26.216527082597608,260,yes
2,6,20,7,105 70 50 37,250000,0.01712736232385911,0.016684801327032924,0.021647818602606075,113.16183937982807,99.71085500089471,128.83049957394343,239,no
2,6,20,8,210 140 100 75,250000,0.01712973695459384,0.01656695166800354,0.021644859984840288,113.19139329745367,98.30023849399096,128.79922519966019,244,no
2,8,8,7,102 68 49 36,250000,0.007504570000945609,0.007759385869871222,0.008432215002264282,-6.600449333181091,-7.1230423437462775,-10.866401511201362,299,yes
2,8,8,8,203 136 97 73,250000,0.0031521186601225996,0.0029499862788472616,0.004327378665373467,-60.76970879519419,-64.68976342948984,-54.25699743604535,316,yes
2,8,10,7,102 68 49 36,250000,0.007494989362717076,0.007751728132276637,0.008424316125863677,-6.719686985109674,-7.214702609422274,-10.949897398985907,285,yes
2,8,10,8,203 136 97 73,250000,0.0031471776012140904,0.002945141610577444,0.004327323946170803,-60.83120368188521,-64.74775230351936,-54.257575851021556,300,yes
2,8,12,7,102 68 49 36,250000,0.007457189064718086,0.00772153462385442,0.00839358281060555,-7.190137770129013,-7.576107654905662,-11.274767078152282,271,yes
2,8,12,8,203 136 97 73,250000,0.0031286768487189783,0.00292702102112481,0.004328912029288783,-61.06145830937537,-64.96464900739815,-54.24078885460758,284,yes
2,8,14,7,102 68 49 36,250000,0.007314027981476556,0.007608146270949596,0.008284878470760097,-8.97187621031268,-8.933323989814967,-12.42383751565569,257,yes
2,8,14,8,203 136 97 73,250000,0.0030775228346081487,0.002877890208433718,0.004363994684189113,-61.698105303427475,-65.55272652879658,-53.86994403210632,268,yes
2,8,16,7,102 68 49 37,250000,0.006747866323024965,0.007081607203229917,0.00790610560099365,-16.01814861466051,-15.23580043796403,-16.427695207038852,243,yes
2,8,16,8,204 136 97 73,250000,0.003490988827594505,0.0032359546271024517,0.004779037287340215,-56.5522357924402,-61.26682885485359,-49.482693382652755,252,yes
2,8,18,7,102 68 49 37,250000,0.007059033989701718,0.0069829040712312135,0.008875028816506678,-12.145452344789065,-16.417240150451907,-6.185592410226526,229,yes
2,8,18,8,205 137 98 73,250000,0.005427166309005298,0.005286821877992323,0.00698006271261972,-32.455171370068925,-36.71871203041511,-26.216527082597608,236,yes
2,8,20,7,105 70 50 37,250000,0.01712736232385911,0.016684801327032924,0.021647818602606075,113.16183937982807,99.71085500089471,128.83049957394343,215,no
2,8,20,8,210 140 100 75,250000,0.01712973695459384,0.01656695166800354,0.021644859984840288,113.19139329745367,98.30023849399096,128.79922519966019,220,no
2,10,8,7,102 68 49 36,250000,0.007509266902417955,0.007763169036450347,0.008437426270562575,-6.541993154214387,-7.077759249430738,-10.811315262096855,275,yes
2,10,8,8,203 136 97 73,250000,0.003153515800908857,0.002950866214732307,0.0043277245508603224,-60.752320414295845,-64.67923092481665,-54.253341217827455,292,yes
2,10,10,7,102 68 49 36,250000,0.007499718825142399,0.007755529986438401,0.008429542442634653,-6.660825562621097,-7.169195831705688,-10.894652078448608,261,yes
2,10,10,8,203 136 97 73,250000,0.0031485436189761097,0.002945986784130509,0.004327692748661413,-60.81420264849364,-64.73763589100726,-54.25367738625151,276,yes
2,10,12,7,102 68 49 36,250000,0.007461824387031323,0.007725270210372089,0.00839869263541034,-7.1324479862776125,-7.531394076197073,-11.22075314796005,247,yes
2,10,12,8,203 136 97 73,250000,0.003129910189313747,0.0029277821908248436,0.004329021872133264,-61.04610853485717,-64.95553808970635,-54.23962774948939,260,yes
2,10,14,7,102 68 49 36,250000,0.007318327946405923,0.00761162033309419,0.00828973583726049,-8.918360180448836,-8.891740760406119,-12.372492222011877,233,yes
2,10,14,8,203 136 97 73,250000,0.0030785256963663105,0.002878627929387613,0.004363865426052732,-61.68562399702597,-65.54389628385888,-53.87131036857029,244,yes
2,10,16,7,102 68 49 37,250000,0.006749492037968915,0.007081856807128638,0.007907424206881222,-15.997915470688495,-15.23281277230064,-16.413756747486275,219,yes
2,10,16,8,204 136 97 73,250000,0.003493602579024924,0.00323825224831139,0.004782685563533172,-56.51970585280006,-61.239327185093714,-49.44412890282487,228,yes
2,10,18,7,102 68 49 37,250000,0.007055509761430441,0.006979564736341009,0.008870178891060483,-12.189313796803381,-16.457210744826124,-6.236859047439358,205,yes
2,10,18,8,205 137 98 73,250000,0.005429738106133051,0.00528940428669219,0.006982671331723535,-32.42316358066753,-36.687801560502784,-26.188952405274122,212,yes
2,10,20,7,105 70 50 37,250000,0.01712841885736659,0.01668610865742413,0.021649101673190216,113.17498866817513,99.7265032585562,128.84406240390553,191,no
2,10,20,8,210 140 100 75,250000,0.01713007473810133,0.016567190223132962,0.0216455419240392,113.1955972462233,98.30309391000269,128.80643370830626,196,no
2,12,8,7,102 68 49 36,250000,0.0075249602430075575,0.007775562691936975,0.008456594095943737,-6.346678704572972,-6.929411811225961,-10.60869978668867,251,yes
2,12,8,8,203 136 97 73,250000,0.00315870846154961,0.002953254541533773,0.004331990352111126,-60.68769417048034,-64.6506435429118,-54.2082491256761,268,yes
2,12,10,7,102 68 49 36,250000,0.007518665700764613,0.007770540469955996,0.00845142889564448,-6.425018625057454,-6.989525937020236,-10.663299069257315,237,yes
2,12,10,8,203 136 97 73,250000,0.003155465581648221,0.0029501021278815335,0.004332120639141251,-60.72805404794408,-64.68837675971584,-54.20687191318467,252,yes
2,12,12,7,102 68 49 36,250000,0.007480718641942198,0.007740259446399417,0.008420576942413346,-6.897295949766846,-7.351978506053136,-10.989422823355211,223,yes
2,12,12,8,203 136 97 73,250000,0.0031367546716484585,0.0029319789889491214,0.004333300957785328,-60.960924230556124,-64.9053039799176,-54.19439523320418,236,yes
2,12,14,7,102 68 49 36,250000,0.00733629557680488,0.007625800750315384,0.008310205311006916,-8.694740625218,-8.722006449999576,-12.156117538289868,209,yes
2,12,14,8,203 136 97 73,250000,0.003084027111688594,0.0028821163645568943,0.0043648744352666365,-61.61715508820534,-65.50214101470002,-53.860644532592495,220,yes
2,12,16,7,102 68 49 37,250000,0.006756193780221669,0.0070822476243582195,0.007914083582136827,-15.914507665176213,-15.228134835684015,-16.34336313441308,195,yes
2,12,16,8,204 136 97 73,250000,0.0035063319356849593,0.003248211585633407,0.004800839962521527,-56.36128022785751,-61.120117628273896,-49.252225955639695,204,yes
2,12,18,7,102 68 49 37,250000,0.007044026779460661,0.006968898872376509,0.008854687845432958,-12.332227428917875,-16.58487716229926,-6.400608743191272,181,yes
2,12,18,8,205 137 98 73,250000,0.005439731132883369,0.005298111757470299,0.006993956487941597,-32.29879346910036,-36.583576379758576,-26.069661497374607,188,yes
2,12,20,7,105 70 50 37,250000,0.017124482836433818,0.01668212075597362,0.0216372667293269,113.12600217241457,99.67876956411597,128.71895990898966,167,no
2,12,20,8,210 140 100 75,250000,0.01712576957654355,0.016562249686610197,0.021633402454184644,113.14201654073402,98.24395752870663,128.67811218998727,172,no
2,14,8,7,102 68 49 36,250000,0.007587776745748219,0.007822029667056897,0.008545702683779669,-5.564883994189895,-6.37321943298833,-9.666768267160396,227,yes
2,14,8,8,203 136 97 73,250000,0.0032036485098285447,0.002983152413675147,0.00439043970078887,-60.12838426789182,-64.29277715355377,-53.59040425625865,244,yes
2,14,10,7,102 68 49 36,250000,0.007587776745748219,0.007822029667056897,0.008545702683779669,-5.564883994189895,-6.37321943298833,-9.666768267160396,213,yes
2,14,10,8,203 136 97 73,250000,0.0032036485098285447,0.002983152413675147,0.00439043970078887,-60.12838426789182,-64.29277715355377,-53.59040425625865,228,yes
2,14,12,7,102 68 49 36,250000,0.007562227017593117,0.007801673960917351,0.008524378870120246,-5.882867986483287,-6.616869650787994,-9.89217383906038,199,yes
2,14,12,8,203 136 97 73,250000,0.0031909546423612247,0.0029712066366756936,0.004389298051404307,-60.286368205348914,-64.43576365315,-53.60247217884262,212,yes
2,14,14,7,102 68 49 36,250000,0.007416361966050572,0.007686302911101188,0.008409530358514387,-7.698259177497491,-7.997818128958101,-11.106191877946237,185,yes
2,14,14,8,203 136 97 73,250000,0.003134736525505162,0.002919945328308612,0.004409493068166811,-60.98604145152151,-65.04934241395115,-53.38899867098017,196,yes
2,14,16,7,102 68 49 37,250000,0.006799517062886073,0.007098959145280015,0.007959732808649884,-15.375319525981435,-15.02810415708974,-15.86082327670708,171,yes
2,14,16,8,204 136 97 73,250000,0.003578771117577828,0.003304861269548434,0.004900702484086676,-55.45972463724893,-60.44204201991349,-48.19661887032738,180,yes
2,14,18,7,102 68 49 37,250000,0.007003945899342557,0.0069258568760397,0.008804505269808253,-12.831061631662322,-17.100073820676144,-6.931068835310028,157,yes
2,14,18,8,205 137 98 73,250000,0.005486130399544853,0.005335172621428149,0.007050037126868178,-31.721322587103597,-36.13997164734247,-25.476855318721082,164,yes
2,14,20,7,105 70 50 37,250000,0.01711991160639914,0.01667699774137993,0.021610949164036063,113.06911006118372,99.61744898830362,128.44076737034987,143,no
2,14,20,8,210 140 100 75,250000,0.01712002451838388,0.016553452778962384,0.021606151218554585,113.07051532872579,98.1386618219569,128.39005019271593,148,no
2,16,8,7,101 68 49 36,250000,0.007530011582033479,0.007830872766450114,0.00896615884139995,-6.283811305744336,-6.267370828257512,-5.222293081766571,203,yes
2,16,8,8,203 136 97 73,250000,0.003731752361190481,0.003490738494632914,0.005058591332097909,-53.55576752683854,-58.217160894917996,-46.52763851573334,220,yes
2,16,10,7,101 68 49 36,250000,0.007530011582033479,0.007830872766450114,0.00896615884139995,-6.283811305744336,-6.267370828257512,-5.222293081766571,189,yes
2,16,10,8,203 136 97 73,250000,0.003731752361190481,0.003490738494632914,0.005058591332097909,-53.55576752683854,-58.217160894917996,-46.52763851573334,204,yes
2,16,12,7,101 68 49 36,250000,0.007530011582033479,0.007830872766450114,0.00896615884139995,-6.283811305744336,-6.267370828257512,-5.222293081766571,175,yes
2,16,12,8,203 136 97 73,250000,0.003731752361190481,0.003490738494632914,0.005058591332097909,-53.55576752683854,-58.217160894917996,-46.52763851573334,188,yes
2,16,14,7,101 68 49 36,250000,0.007557013780782841,0.007852192869566897,0.009024070591964299,-5.947750314922917,-6.012177137981967,-4.610130948661562,161,yes
2,16,14,8,203 136 97 73,250000,0.003703883345963538,0.0034720315914644425,0.005049182808840502,-53.9026166466942,-58.441075555510416,-46.62709228134215,172,yes
2,16,16,7,102 68 49 37,250000,0.007165686647924838,0.007345165733111277,0.008456697046806757,-10.818086439186736,-12.081103039194009,-10.60761153397143,147,yes
2,16,16,8,203 136 97 73,250000,0.003838120314496026,0.003657460415261406,0.005363023151035869,-52.23194497033826,-56.22156162684877,-43.309610570627065,156,yes
2,16,18,7,102 68 49 37,250000,0.007066102751412098,0.006980368508029886,0.008904843024552113,-12.057476728939376,-16.447589897201688,-5.87043824866047,133,yes
2,16,18,8,205 137 98 73,250000,0.005933581594647745,0.005754084671253389,0.00764680447469689,-26.152483791186533,-31.125750500745596,-19.168664510219855,140,yes
2,16,20,7,105 70 50 37,250000,0.017280596312990688,0.016835033690419967,0.021846136084213853,115.06894208257722,101.50908041291804,130.9268349703002,119,no
2,16,20,8,210 140 100 75,250000,0.01728433422497543,0.01670202980363686,0.021844811438122842,115.11546297581465,99.91707344638259,130.91283266215407,124,no
2,18,8,7,101 68 49 37,250000,0.010383020962243167,0.010227955085071806,0.012867104942866187,29.22385857090788,22.424811354567264,36.01306007765446,179,no
2,18,8,8,202 136 97 73,250000,0.00850100793397119,0.008150799988010984,0.011073488479396945,5.80090813303431,-2.437961193486382,17.05345223382737,196,no
2,18,10,7,101 68 49 37,250000,0.010383020962243167,0.010227955085071806,0.012867104942866187,29.22385857090788,22.424811354567264,36.01306007765446,165,no
2,18,10,8,202 136 97 73,250000,0.00850100793397119,0.008150799988010984,0.011073488479396945,5.80090813303431,-2.437961193486382,17.05345223382737,180,no
2,18,12,7,101 68 49 37,250000,0.010383020962243167,0.010227955085071806,0.012867104942866187,29.22385857090788,22.424811354567264,36.01306007765446,151,no
2,18,12,8,202 136 97 73,250000,0.00850100793397119,0.008150799988010984,0.011073488479396945,5.80090813303431,-2.437961193486382,17.05345223382737,164,no
2,18,14,7,101 68 49 37,250000,0.010383020962243167,0.010227955085071806,0.012867104942866187,29.22385857090788,22.424811354567264,36.01306007765446,137,no
2,18,14,8,202 136 97 73,250000,0.00850100793397119,0.008150799988010984,0.011073488479396945,5.80090813303431,-2.437961193486382,17.05345223382737,148,no
2,18,16,7,101 68 49 37,250000,0.010229097974589487,0.010036009230846245,0.012766161771358763,27.308180806247616,20.127290999970327,34.94602987065516,123,no
2,18,16,8,203 136 97 73,250000,0.008588091404179087,0.008245012864256756,0.011176012733861809,6.884721994041687,-1.3102681692577,18.137195441321573,132,no
2,18,18,7,102 68 49 37,250000,0.009992754596460502,0.009717491552887522,0.012759446425465825,24.36672442466361,16.31475307691026,34.875044614186514,109,no
2,18,18,8,204 136 98 73,250000,0.009714282452032645,0.00950312552266735,0.012501117773237562,20.900946484087402,13.748871569585685,32.14435494846006,116,no
2,18,20,7,105 70 50 37,250000,0.01886292755052943,0.018293591220704897,0.02422118929254941,134.7621459001934,118.9674705808157,156.03257990261847,95,no
2,18,20,8,209 139 100 74,250000,0.018783992753356186,0.018351275001250014,0.024124902497554526,133.7797478964399,119.65792394052599,155.01477040386368,100,no
2,20,8,7,100 68 49 37,250000,0.03168377646193211,0.030457554602925232,0.04052424582194431,294.3264550266722,264.56557988085603,328.3657206540179,155,no
2,20,8,8,200 135 97 73,250000,0.03137526077835156,0.03017714997403226,0.04017890037513817,290.4867645158956,261.2092409539015,324.71521098517195,172,no
2,20,10,7,100 68 49 37,250000,0.03168377646193211,0.030457554602925232,0.04052424582194431,294.3264550266722,264.56557988085603,328.3657206540179,141,no
2,20,10,8,200 135 97 73,250000,0.03137526077835156,0.03017714997403226,0.04017890037513817,290.4867645158956,261.2092409539015,324.71521098517195,156,no
2,20,12,7,100 68 49 37,250000,0.03168377646193211,0.030457554602925232,0.04052424582194431,294.3264550266722,264.56557988085603,328.3657206540179,127,no
2,20,12,8,200 135 97 73,250000,0.03137526077835156,0.03017714997403226,0.04017890037513817,290.4867645158956,261.2092409539015,324.71521098517195,140,no
2,20,14,7,100 68 49 37,250000,0.03168377646193211,0.030457554602925232,0.04052424582194431,294.3264550266722,264.56557988085603,328.3657206540179,113,no
2,20,14,8,200 135 97 73,250000,0.03137526077835156,0.03017714997403226,0.04017890037513817,290.4867645158956,261.2092409539015,324.71521098517195,124,no
2,20,16,7,100 68 49 37,250000,0.03168377646193211,0.030457554602925232,0.04052424582194431,294.3264550266722,264.56557988085603,328.3657206540179,99,no
2,20,16,8,200 135 97 73,250000,0.03137526077835156,0.03017714997403226,0.04017890037513817,290.4867645158956,261.2092409539015,324.71521098517195,108,no
2,20,18,7,100 68 49 37,250000,0.031600951590609536,0.030340250753438255,0.040504577165598014,293.2956423665743,263.1614965108021,328.1578110932306,85,no
2,20,18,8,201 136 98 74,250000,0.031528491113524626,0.030292751001022432,0.04037321807381607,292.3938217426104,262.59294217315323,326.76926626347927,92,no
2,20,20,7,103 69 50 37,250000,0.03365491413515349,0.03252846705959713,0.04309713206426111,318.8586231533094,289.3536303495095,355.56268007908443,71,no
2,20,20,8,207 138 99 74,250000,0.0336176960816869,0.03258147689275952,0.04296869608161711,318.39541880315545,289.98813830059686,354.205034276003,76,no
3,0,0,7,baseline,250000,0.0034210968123662673,0.0032002901518256087,0.004599025777193779,0.0,0.0,0.0,,yes
3,6,8,7,114 91 74 62 52 45 39 34,250000,0.0033661172968758343,0.003162076522904725,0.004521051020582029,-1.6070727753654368,-1.1940676347450774,-1.6954624824766285,323,yes
3,6,8,8,227 182 149 124 105 90 78 68,250000,0.0014411132555315546,0.0014211006509252636,0.0017890551769901217,-57.87569500160444,-55.594631001986,-61.099257458788095,340,yes
3,6,10,7,114 91 74 62 52 45 39 34,250000,0.0033615835977430894,0.003159426128836986,0.004521206986469691,-1.7395945770390053,-1.276884940114309,-1.6920712014702022,309,yes
3,6,10,8,227 182 149 124 105 90 78 68,250000,0.0014307721727363578,0.0014117273242655545,0.0017809179300211002,-58.17796890270589,-55.88752090305833,-61.276191604479855,324,yes
3,6,12,7,114 91 74 62 52 45 39 34,250000,0.0033447458501254623,0.0031501547001385626,0.004523626393710765,-2.231768535892309,-1.566590818599567,-1.6394642503835044,295,yes
3,6,12,8,227 182 149 124 105 90 78 68,250000,0.0013920653375218436,0.0013767649956406194,0.0017525569828898172,-59.30938485897465,-56.979994615324415,-61.89286453708055,308,yes
3,6,14,7,114 91 74 62 52 45 39 34,250000,0.0033038476342516425,0.0031411836100132635,0.004561664622361294,-3.427239407280236,-1.8469119676110535,-0.8123710681891883,281,yes
3,6,14,8,227 182 149 124 105 90 78 68,250000,0.0012922504320803925,0.001289311864968062,0.001712094894319904,-62.227013646346286,-59.71265717164511,-62.77266148822098,292,yes
3,6,16,7,114 91 75 62 53 45 39 34,250000,0.003524108784819255,0.0034559147922856174,0.00474032441558386,3.0110803085323212,7.987545764067283,3.072360217913328,267,yes
3,6,16,8,228 182 149 124 105 90 78 68,250000,0.00185294051956541,0.0018756162452074623,0.0024053468525968014,-45.83782274539644,-41.39230644016715,-47.69877428118071,276,yes
3,6,18,7,115 92 75 62 53 45 39 34,250000,0.006000319934026415,0.006000323829343478,0.007284649895455799,75.3917022265201,87.49311920735022,58.39550044663431,253,no
3,6,18,8,229 183 150 125 106 90 78 69,250000,0.0051294479511446904,0.005122332980551253,0.0062058192385132565,49.93577301300658,60.058392756332225,34.93769200615151,260,no
3,6,20,7,118 94 77 64 54 46 40 35,250000,0.016894428021415855,0.016229373397125255,0.021395031096781238,393.83074925992815,407.1219366739979,365.2078969175946,239,no
3,6,20,8,236 188 153 127 108 92 80 70,250000,0.016852629790383013,0.016256596230179846,0.02133794950324551,392.6089705928716,407.9725730776709,363.9667298465425,244,no
3,8,8,7,114 91 74 62 52 45 39 34,250000,0.0033668988327535147,0.0031626603700498114,0.004521997392625278,-1.5842281755033327,-1.175824065650155,-1.674884819095357,299,yes
3,8,8,8,227 182 149 124 105 90 78 68,250000,0.0014418727651800865,0.0014216301692046192,0.0017901007045175252,-57.853494237048864,-55.578085056017535,-61.07652378478722,316,yes
3,8,10,7,114 91 74 62 52 45 39 34,250000,0.0033623261676854034,0.003159970477335583,0.004522115101073851,-1.7178889667321062,-1.2598755918123539,-1.6723253977249275,285,yes
3,8,10,8,227 182 149 124 105 90 78 68,250000,0.0014314750732516862,0.001412211965241435,0.0017819156366041292,-58.157422845289815,-55.87237724567451,-61.25449773644422,300,yes
3,8,12,7,114 91 74 62 52 45 39 34,250000,0.0033453620603895386,0.0031506023693946253,0.004524360032618255,-2.2137564684802213,-1.5526024227096702,-1.623512200035604,271,yes
3,8,12,8,227 182 149 124 105 90 78 68,250000,0.0013927584060712162,0.0013772532754110498,0.0017535246741649188,-59.28912619377502,-56.964737255920554,-61.87182331396108,284,yes
3,8,14,7,114 91 74 62 52 45 39 34,250000,0.00330436465921521,0.0031415698160485207,0.004562016813377619,-3.4121265650567056,-1.8348441232302282,-0.8047131198890889,257,yes
3,8,14,8,227 182 149 124 105 90 78 68,250000,0.0012927570383527627,0.0012897571260768429,0.001712822110532856,-62.21220534654783,-59.69874402353488,-62.75684909124425,268,yes
3,8,16,7,114 91 75 62 53 45 39 34,250000,0.0035252550178989685,0.003456947572899465,0.004741729597142327,3.044585150475698,8.019817232117088,3.1029141140327177,243,yes
3,8,16,8,228 182 149 124 105 90 78 68,250000,0.0018538470832866738,0.0018765326440442767,0.0024069539547259705,-45.8113235326882,-41.36367157291014,-47.66382987758247,252,yes
3,8,18,7,115 92 75 62 53 45 39 34,250000,0.006001488010546869,0.006001420321449147,0.007286294851982859,75.42584556079326,87.52738147900843,58.43126794624733,229,no
3,8,18,8,229 183 150 125 106 90 78 69,250000,0.0051298419091060955,0.005122667568412021,0.006206444022556101,49.947288558546866,60.068847679007796,34.95127714511601,236,no
3,8,20,7,118 94 77 64 54 46 40 35,250000,0.016894890233064216,0.016229722776278797,0.021395877861379774,393.8442598874757,407.13285378266517,365.2263087430454,215,no
3,8,20,8,236 188 153 127 108 92 80 70,250000,0.016852955283281377,0.016256830676950808,0.021338582094675606,392.6184848777988,407.97989887501546,363.9804847472702,220,no
3,10,8,7,114 91 74 62 52 45 39 34,250000,0.0033700162973871644,0.003164920954057873,0.004525423285001841,-1.4931034630315532,-1.1051872202137436,-1.6003931214503386,275,yes
3,10,8,8,227 182 149 124 105 90 78 68,250000,0.0014451557894819974,0.0014240682225839397,0.0017945368682867177,-57.757530150617754,-55.50190279554563,-60.98006501321018,292,yes
3,10,10,7,114 91 74 62 52 45 39 34,250000,0.003365437086483529,0.0031622244437227017,0.004525503900517386,-1.626955591596968,-1.1894455282809968,-1.5986402390041454,261,yes
3,10,10,8,227 182 149 124 105 90 78 68,250000,0.0014347260030304306,0.0014146306836834764,0.0017862756218789222,-58.062396894343514,-55.79679914721174,-61.15969536989925,276,yes
3,10,12,7,114 91 74 62 52 45 39 34,250000,0.0033485064233254613,0.003152916543401287,0.004527679802170739,-2.1218455080959098,-1.4802910416512494,-1.5513280090065695,247,yes
3,10,12,8,227 182 149 124 105 90 78 68,250000,0.0013958601105798288,0.001379624325419965,0.0017575022082865874,-59.19846215593194,-56.89064866093605,-61.78533686412657,260,yes
3,10,14,7,114 91 74 62 52 45 39 34,250000,0.003307794711747942,0.0031444283854506414,0.004565063845331161,-3.3118647858421113,-1.7455219284757906,-0.738459263068969,233,yes
3,10,14,8,227 182 149 124 105 90 78 68,250000,0.0012951208133022399,0.001291947188477892,0.0017153207455330472,-62.143111278793526,-59.63031077851178,-62.70251943272,244,yes
3,10,16,7,114 91 75 62 53 45 39 34,250000,0.0035294612198467404,0.0034605822354820065,0.004746556049044906,3.167534081139345,8.133390139888231,3.207859207546071,219,yes
3,10,16,8,228 182 149 124 105 90 78 68,250000,0.0018573838001655573,0.0018800550826727795,0.0024119104539690665,-45.70794391285109,-41.2536053457434,-47.556057069096056,228,yes
3,10,18,7,115 92 75 62 53 45 39 34,250000,0.006005387956427284,0.006005332832145333,0.00729175324823978,75.53984250663581,87.64963635311582,58.54995387064439,205,no
3,10,18,8,229 183 150 125 106 90 78 69,250000,0.005129757041329894,0.005122600787504303,0.0062063007924675504,49.94480784020254,60.06676096484909,34.94816278795669,212,no
3,10,20,7,118 94 77 64 54 46 40 35,250000,0.01689512131800483,0.01622979063596701,0.021397628909626272,393.85101459081466,407.13497420565784,365.2643830729433,191,no
3,10,20,8,236 188 153 127 108 92 80 70,250000,0.016852539883846992,0.01625639580748729,0.021339252658508036,392.60634258960386,407.96631043637757,363.99506530987014,196,no
3,12,8,7,114 91 74 62 52 45 39 34,250000,0.0033854514763091937,0.0031766560893891154,0.0045418241707875446,-1.0419271365904037,-0.7384974897670205,-1.2437765991635152,251,yes
3,12,8,8,227 182 149 124 105 90 78 68,250000,0.0014599522257487023,0.0014351289857280965,0.0018163554781369115,-57.325024522211685,-55.15628528527559,-60.50564693192021,268,yes
3,12,10,7,114 91 74 62 52 45 39 34,250000,0.0033807457945500257,0.003173807823792303,0.0045418111406983685,-1.1794760578065056,-0.8274977197989086,-1.2440599219759374,237,yes
3,12,10,8,227 182 149 124 105 90 78 68,250000,0.0014494347827143036,0.00142556426478341,0.0018079388303540755,-57.632453502192064,-55.45515571548425,-60.68865629500257,252,yes
3,12,12,7,114 91 74 62 52 45 39 34,250000,0.0033639445847216095,0.003164773925016295,0.004543316407379343,-1.6705820027679175,-1.1097814611919943,-1.2113298014265084,223,yes
3,12,12,8,227 182 149 124 105 90 78 68,250000,0.0014100901465793985,0.0013904058002897509,0.00177789083575932,-58.78251262921488,-56.55375811794463,-61.34201194140406,236,yes
3,12,14,7,114 91 74 62 52 45 39 34,250000,0.003323682320641963,0.0031576238824732854,0.004578156703276285,-2.847463754085511,-1.3332000327527904,-0.45377162313334773,209,yes
3,12,14,8,227 182 149 124 105 90 78 68,250000,0.0013079992948241857,0.0013028654248660994,0.001730192728496359,-61.76666821891301,-59.28914682555022,-62.37914696898952,220,yes
3,12,16,7,114 91 75 62 53 45 39 34,250000,0.0035449187087073443,0.0034741476243445738,0.004764112821205061,3.6193625358246884,8.557270107610183,3.589609017412698,195,yes
3,12,16,8,228 182 149 124 105 90 78 68,250000,0.0018710007777670184,0.0018929794719900425,0.0024329240835360083,-45.30991432326918,-40.849754797695745,-47.09914226615787,204,yes
3,12,18,7,115 92 75 62 53 45 39 34,250000,0.006014383744167581,0.0060130230288238115,0.007306683540109384,75.80279290627898,87.88993321101452,58.87459418780985,181,no
3,12,18,8,229 183 150 125 106 90 78 69,250000,0.00513342617252898,0.0051262496689302856,0.006209559623762708,50.05205798249091,60.18077817119212,35.01902195363733,188,no
3,12,20,7,118 94 77 64 54 46 40 35,250000,0.0169001784856146,0.016234412398651282,0.021405615703030904,393.99883758113424,407.2793911948998,365.4380457961278,167,no
3,12,20,8,236 188 153 127 108 92 80 70,250000,0.01685685681708176,0.01626050137764025,0.02134609780023006,392.732528239164,408.09459787152207,364.143904260849,172,no
3,14,8,7,114 91 74 62 52 45 39 34,250000,0.0034629910474805376,0.0032460367554965532,0.0046640880952149,1.2245849039651535,1.4294517528308681,1.414697833262002,227,yes
3,14,8,8,227 182 149 124 105 90 78 68,250000,0.0015660334540606425,0.0015170779136247769,0.0019825749154737814,-54.22422866257721,-52.595613470879876,-56.891415453567994,244,yes
3,14,10,7,114 91 74 62 52 45 39 34,250000,0.0034629910474805376,0.0032460367554965532,0.0046640880952149,1.2245849039651535,1.4294517528308681,1.414697833262002,213,yes
3,14,10,8,227 182 149 124 105 90 78 68,250000,0.0015660334540606425,0.0015170779136247769,0.0019825749154737814,-54.22422866257721,-52.595613470879876,-56.891415453567994,228,yes
3,14,12,7,114 91 74 62 52 45 39 34,250000,0.0034462869486019385,0.003238240249827001,0.00466386579304713,0.7363175501089669,1.185833040161799,1.4098641537277024,199,yes
3,14,12,8,227 182 149 124 105 90 78 68,250000,0.0015309039064823862,0.0014871826699196292,0.0019512127209921006,-55.2510790998777,-53.52975513575654,-57.57334671468863,212,yes
3,14,14,7,114 91 74 62 52 45 39 34,250000,0.003408708509891236,0.0032388118391450354,0.004690792607110347,-0.36211493431730357,1.2036935868909193,1.9953536762423285,185,yes
3,14,14,8,227 182 149 124 105 90 78 68,250000,0.0014422939127980458,0.0014192363106455338,0.001890520059743216,-57.84118392719628,-55.65288635357237,-58.89303188692349,196,yes
3,14,16,7,114 91 75 62 53 45 39 34,250000,0.003558287990032771,0.0034851817214378825,0.004788774342030842,4.010151866225975,8.902054379342994,4.125842602970664,171,yes
3,14,16,8,228 182 149 124 105 90 78 68,250000,0.0019467770731902594,0.0019673677675338054,0.0025358195281849163,-43.09494352357326,-38.52533132311399,-44.86181093483202,180,yes
3,14,18,7,115 92 75 62 53 45 39 34,250000,0.006054054416467702,0.006048041592946496,0.007371400784736831,76.96238219813192,88.98416412325567,60.28178883647599,157,no
3,14,18,8,229 183 150 125 106 90 78 69,250000,0.005160104920110667,0.005151981843425021,0.006249477405579782,50.83188822538995,60.98483571828848,35.88698364271992,164,no
3,14,20,7,118 94 77 64 54 46 40 35,250000,0.016912523958105042,0.016243992478458646,0.02142580876065524,394.3597005782239,407.5787415460515,365.8771182997975,143,no
3,14,20,8,236 188 153 127 108 92 80 70,250000,0.0168603878364472,0.01626248348168596,0.021353392566947356,392.8357413184513,408.15653300714035,364.30251973879376,148,no
3,16,8,7,113 91 74 62 52 45 39 34,250000,0.003913711370504138,0.0037796950706188866,0.005114002835274904,14.399316510342896,18.10476210923424,11.197524933103399,203,no
3,16,8,8,227 182 149 124 105 90 78 68,250000,0.0025592518261565106,0.00246546309631339,0.0033138206520469966,-25.19206656457188,-22.961263530840657,-27.945160288511907,220,yes
3,16,10,7,113 91 74 62 52 45 39 34,250000,0.003913711370504138,0.0037796950706188866,0.005114002835274904,14.399316510342896,18.10476210923424,11.197524933103399,189,no
3,16,10,8,227 182 149 124 105 90 78 68,250000,0.0025592518261565106,0.00246546309631339,0.0033138206520469966,-25.19206656457188,-22.961263530840657,-27.945160288511907,204,yes
3,16,12,7,113 91 74 62 52 45 39 34,250000,0.003913711370504138,0.0037796950706188866,0.005114002835274904,14.399316510342896,18.10476210923424,11.197524933103399,175,no
3,16,12,8,227 182 149 124 105 90 78 68,250000,0.0025592518261565106,0.00246546309631339,0.0033138206520469966,-25.19206656457188,-22.961263530840657,-27.945160288511907,188,yes
3,16,14,7,113 91 74 62 52 45 39 34,250000,0.004053298413254443,0.003920764470657645,0.00530194495055579,18.479500451520448,22.51278117457698,15.284088574752808,161,no
3,16,14,8,227 182 149 124 105 90 78 68,250000,0.0025081273453310643,0.0024424997937632586,0.003227358509573114,-26.686455166515156,-23.67880167459403,-29.82517024415604,172,yes
3,16,16,7,114 91 74 62 53 45 39 34,250000,0.004246593702078573,0.004154896233301957,0.005474774677593539,24.129597465011088,29.82873540175075,19.042052443857415,147,no
3,16,16,8,227 182 149 124 105 90 78 68,250000,0.002763970719036012,0.002787018631496943,0.003498321253071072,-19.208053129479886,-12.913564105833174,-23.933428022539406,156,yes
3,16,18,7,114 92 75 62 53 45 39 34,250000,0.006471624597468418,0.006490134735859666,0.007968383032021947,89.16812216700161,102.79832227578996,73.26241291224234,133,no
3,16,18,8,229 183 150 125 106 90 78 69,250000,0.005524177555252084,0.005488846764751525,0.006792772094057178,61.473873971756454,71.51091008483736,47.70023964079571,140,no
3,16,20,7,118 94 77 64 54 46 40 35,250000,0.017091414421419895,0.016407633867509302,0.02171631634128749,399.588738899157,412.6920713157697,372.1938382902105,119,no
3,16,20,8,235 188 153 127 108 92 80 70,250000,0.017018028567511785,0.016432697700165234,0.021614799912744384,397.44364164137573,413.47524507398765,369.98649192032246,124,no
3,18,8,7,113 91 74 62 52 45 39 34,250000,0.00856982098665366,0.008317718430970534,0.010947342261580667,150.49922456670203,159.90513473366414,138.03611442814065,179,no
3,18,8,8,226 181 148 124 105 90 78 68,250000,0.008055353523419658,0.007806864594655763,0.010285546156955615,135.46113907978003,143.9423997290474,123.64619498244305,196,no
3,18,10,7,113 91 74 62 52 45 39 34,250000,0.00856982098665366,0.008317718430970534,0.010947342261580667,150.49922456670203,159.90513473366414,138.03611442814065,165,no
3,18,10,8,226 181 148 124 105 90 78 68,250000,0.008055353523419658,0.007806864594655763,0.010285546156955615,135.46113907978003,143.9423997290474,123.64619498244305,180,no
3,18,12,7,113 91 74 62 52 45 39 34,250000,0.00856982098665366,0.008317718430970534,0.010947342261580667,150.49922456670203,159.90513473366414,138.03611442814065,151,no
3,18,12,8,226 181 148 124 105 90 78 68,250000,0.008055353523419658,0.007806864594655763,0.010285546156955615,135.46113907978003,143.9423997290474,123.64619498244305,164,no
3,18,14,7,113 91 74 62 52 45 39 34,250000,0.00856982098665366,0.008317718430970534,0.010947342261580667,150.49922456670203,159.90513473366414,138.03611442814065,137,no
3,18,14,8,226 181 148 124 105 90 78 68,250000,0.008055353523419658,0.007806864594655763,0.010285546156955615,135.46113907978003,143.9423997290474,123.64619498244305,148,no
3,18,16,7,113 91 74 62 53 45 39 34,250000,0.008720259624949598,0.00846290256331976,0.011127029927516012,154.8966048966636,164.4417275256148,141.94319550662473,123,no
3,18,16,8,226 181 149 124 105 90 78 68,250000,0.008227207417694882,0.008006034661557452,0.01050131793417871,140.48449573119143,150.16590001973418,128.33787943207344,132,no
3,18,18,7,114 91 75 62 53 45 39 34,250000,0.009728790160270562,0.00970376366297676,0.01223803093870106,184.3763475240988,203.21512121147006,166.1005076202993,109,no
3,18,18,8,228 183 150 125 106 90 78 69,250000,0.009409258808846773,0.009180432303520692,0.011987776722173361,175.0363209493238,186.86249896071786,160.65904613146205,116,no
3,18,20,7,117 94 76 64 54 46 40 35,250000,0.018665568717325314,0.018007987062581186,0.023960226481144726,445.60188562494716,462.69857444983586,420.98482682923157,95,no
3,18,20,8,235 187 153 127 108 92 80 69,250000,0.018418338270495563,0.01791987009735135,0.023608902880660032,438.3752428144869,459.9451689444141,413.3457393897377,100,no
3,20,8,7,111 90 74 62 52 45 39 34,250000,0.03121460537073868,0.030441361473289106,0.03981350130959364,812.4151429420816,851.2062978390819,765.6942413114052,155,no
3,20,8,8,222 179 147 123 105 90 78 69,250000,0.031013013995357556,0.03020301052779783,0.03954773691098274,806.5225480686356,843.7585061019698,759.9155305259861,172,no
3,20,10,7,111 90 74 62 52 45 39 34,250000,0.03121460537073868,0.030441361473289106,0.03981350130959364,812.4151429420816,851.2062978390819,765.6942413114052,141,no
3,20,10,8,222 179 147 123 105 90 78 69,250000,0.031013013995357556,0.03020301052779783,0.03954773691098274,806.5225480686356,843.7585061019698,759.9155305259861,156,no
3,20,12,7,111 90 74 62 52 45 39 34,250000,0.03121460537073868,0.030441361473289106,0.03981350130959364,812.4151429420816,851.2062978390819,765.6942413114052,127,no
3,20,12,8,222 179 147 123 105 90 78 69,250000,0.031013013995357556,0.03020301052779783,0.03954773691098274,806.5225480686356,843.7585061019698,759.9155305259861,140,no
3,20,14,7,111 90 74 62 52 45 39 34,250000,0.03121460537073868,0.030441361473289106,0.03981350130959364,812.4151429420816,851.2062978390819,765.6942413114052,113,no
3,20,14,8,222 179 147 123 105 90 78 69,250000,0.031013013995357556,0.03020301052779783,0.03954773691098274,806.5225480686356,843.7585061019698,759.9155305259861,124,no
3,20,16,7,111 90 74 62 52 45 39 34,250000,0.031415309635587904,0.030740310846195086,0.040025682319020386,818.2818072271652,860.5476187419833,770.3078490558744,99,no
3,20,16,8,223 180 148 124 105 90 78 69,250000,0.031156396403253316,0.030290292213646406,0.03977412420477987,810.7136720198046,846.4858114932885,764.8380359600667,108,no
3,20,18,7,112 90 74 62 53 45 39 35,250000,0.03219949245944941,0.03148998729663212,0.04096387311622246,841.203778363057,883.9728837920719,790.7076215871459,85,no
3,20,18,8,224 181 148 124 105 91 79 69,250000,0.03180879820790939,0.030993168794711486,0.04062597087068984,829.7836323406534,868.4487132215622,783.3603645396153,92,no
3,20,20,7,114 92 76 64 54 46 40 35,250000,0.0361058153789499,0.035459780458008815,0.046694389316983324,955.3871275562242,1008.0176726407369,915.3104500639522,71,no
3,20,20,8,228 184 152 127 107 92 79 70,250000,0.03607407678778877,0.03566245245526985,0.04658493714470553,954.4593961033637,1014.3505983332843,912.9305509813994,76,no
