candidate,mode,level,cases,mae,mred,rmse
baseline,MUL,0,1000000,0.06249999270606043,0.03125809934090125,0.08333349249140375
residual_drop_2,MUL,0,1000000,0.0625000005321503,0.03125811096577319,0.08333349996050132
joint_drop_2_no_round_lut,MUL,0,1000000,0.0625000005321503,0.03125811096577319,0.08333349996050132
residual_drop_4,MUL,0,1000000,0.06250000267895112,0.03125814161572948,0.08333349999142306
joint_drop_4_no_round_lut,MUL,0,1000000,0.06250000267895112,0.03125814161572948,0.08333349999142306
residual_drop_6,MUL,0,1000000,0.06250001188827628,0.03125826413301591,0.08333350064327052
joint_drop_6_no_round_lut,MUL,0,1000000,0.06250001188827628,0.03125826413301591,0.08333350064327052
residual_drop_8,MUL,0,1000000,0.06250006285589868,0.031258763971865756,0.08333351445598192
joint_drop_8_no_round_lut,MUL,0,1000000,0.06250006285589868,0.031258763971865756,0.08333351445598192
residual_drop_10,MUL,0,1000000,0.06250057195404408,0.03126089318988602,0.08333373142721966
joint_drop_10_no_round_lut,MUL,0,1000000,0.06250057195404408,0.03126089318988602,0.08333373142721966
residual_drop_12,MUL,0,1000000,0.06250829789568454,0.031271755202352806,0.08333718654987742
joint_drop_12_no_round_lut,MUL,0,1000000,0.06250829789568454,0.031271755202352806,0.08333718654987742
residual_drop_14,MUL,0,1000000,0.06261132632140796,0.03134767634332798,0.0833926823769086
joint_drop_14_no_round_lut,MUL,0,1000000,0.06261132632140796,0.03134767634332798,0.0833926823769086
residual_drop_16,MUL,0,1000000,0.06387395959957738,0.032043679926707716,0.08427622480374684
joint_drop_16_no_round_lut,MUL,0,1000000,0.06387395959957738,0.032043679926707716,0.08427622480374684
baseline,MUL,1,1000000,0.015624996724367143,0.007599265959671876,0.02083349692893708
residual_drop_2,MUL,1,1000000,0.015624997611284257,0.007599267966477864,0.020833496927424915
joint_drop_2_no_round_lut,MUL,1,1000000,0.015624997494220735,0.007599267682046389,0.02083349692998493
residual_drop_4,MUL,1,1000000,0.015625002821394833,0.007599278226248488,0.020833497800859607
joint_drop_4_no_round_lut,MUL,1,1000000,0.015625005394646556,0.0075992794655040385,0.02083350008910438
residual_drop_6,MUL,1,1000000,0.015625022712520475,0.007599318278316976,0.02083350049706589
joint_drop_6_no_round_lut,MUL,1,1000000,0.01562502524485122,0.007599319500064021,0.020833502749323253
residual_drop_8,MUL,1,1000000,0.015625160092694632,0.00759950517911846,0.02083355676345685
joint_drop_8_no_round_lut,MUL,1,1000000,0.01562516238743467,0.0075995062968924314,0.020833558858111785
residual_drop_10,MUL,1,1000000,0.015626944612399166,0.007600790467860436,0.02083443900119263
joint_drop_10_no_round_lut,MUL,1,1000000,0.015626945610370542,0.007600791035897356,0.02083444050471337
residual_drop_12,MUL,1,1000000,0.015652386947040884,0.007613875559063821,0.02084847741375164
joint_drop_12_no_round_lut,MUL,1,1000000,0.015652384276991217,0.007613874507915496,0.020848476651545992
residual_drop_14,MUL,1,1000000,0.015969012156313623,0.007762964104141328,0.021072717468482438
joint_drop_14_no_round_lut,MUL,1,1000000,0.015968998183255128,0.00776295802156046,0.02107270764229066
residual_drop_16,MUL,1,1000000,0.019410173857212085,0.009351933711104087,0.02438358579731575
joint_drop_16_no_round_lut,MUL,1,1000000,0.019410132213491055,0.009351915321803574,0.024383543809114016
baseline,MUL,2,1000000,0.003906251217126847,0.001884715949177721,0.005208499800739038
residual_drop_2,MUL,2,1000000,0.0039062531855106365,0.001884717331870826,0.005208499875954612
joint_drop_2_no_round_lut,MUL,2,1000000,0.0039062525587081915,0.0018847168743561578,0.0052084998060628425
residual_drop_4,MUL,2,1000000,0.00390626188175397,0.0018847233682604003,0.005208500566369321
joint_drop_4_no_round_lut,MUL,2,1000000,0.003906260935832033,0.0018847228233736615,0.005208500479817887
residual_drop_6,MUL,2,1000000,0.003906307620542663,0.0018847525473701717,0.0052085115652931915
joint_drop_6_no_round_lut,MUL,2,1000000,0.003906306354102721,0.0018847518598219303,0.0052085111732703415
residual_drop_8,MUL,2,1000000,0.003906723143138691,0.0018849728171049375,0.0052087381300052185
joint_drop_8_no_round_lut,MUL,2,1000000,0.003906720013860052,0.001884971303415098,0.00520873645634648
residual_drop_10,MUL,2,1000000,0.003912791700336955,0.0018878025854068012,0.005212282141487574
joint_drop_10_no_round_lut,MUL,2,1000000,0.003912780261215162,0.001887797372049365,0.005212275466104757
residual_drop_12,MUL,2,1000000,0.003990461365026277,0.001922768765150331,0.005268344527413233
joint_drop_12_no_round_lut,MUL,2,1000000,0.003990427391878942,0.001922753457810174,0.005268318787839763
residual_drop_14,MUL,2,1000000,0.004850557394821582,0.0023114911112511304,0.006098614457010357
joint_drop_14_no_round_lut,MUL,2,1000000,0.004850468109411924,0.0023114505698612546,0.0060985257003499365
residual_drop_16,MUL,2,1000000,0.01194576186545526,0.005557745391058761,0.013721646121747363
joint_drop_16_no_round_lut,MUL,2,1000000,0.011945595506548926,0.005557668901782968,0.013721483850910944
baseline,MUL,3,1000000,0.0009766870146508803,0.0004702597696643115,0.0013022496210282908
residual_drop_2,MUL,3,1000000,0.000976686876475705,0.0004702598865521079,0.0013022495118174314
joint_drop_2_no_round_lut,MUL,3,1000000,0.0009766871418763032,0.0004702598169196751,0.001302249708270371
residual_drop_4,MUL,3,1000000,0.0009766918146765888,0.0004702631537270481,0.0013022517702376145
joint_drop_4_no_round_lut,MUL,3,1000000,0.0009766908076118217,0.0004702625255439179,0.0013022508873525302
residual_drop_6,MUL,3,1000000,0.0009767763587432148,0.00047029380711866156,0.0013022970277372877
joint_drop_6_no_round_lut,MUL,3,1000000,0.0009767717854515456,0.000470291602226657,0.0013022948643020822
residual_drop_8,MUL,3,1000000,0.0009784754935711856,0.0004710692689695105,0.001303206508382636
joint_drop_8_no_round_lut,MUL,3,1000000,0.0009784559040504283,0.00047106017830110617,0.0013031964466223482
residual_drop_10,MUL,3,1000000,0.000998664576894492,0.0004802058620724081,0.0013173247167449597
joint_drop_10_no_round_lut,MUL,3,1000000,0.0009986094337126256,0.000480180605239559,0.001317283927096439
residual_drop_12,MUL,3,1000000,0.0012138934440807491,0.0005767439414358586,0.00152433679435778
joint_drop_12_no_round_lut,MUL,3,1000000,0.0012137530846788014,0.0005766795389211403,0.0015241978883554362
residual_drop_14,MUL,3,1000000,0.002988475730407124,0.0013852734660646574,0.0034308742788685216
joint_drop_14_no_round_lut,MUL,3,1000000,0.0029882170536833464,0.0013851531471869738,0.00343062867641225
residual_drop_16,MUL,3,1000000,0.011631448123181416,0.005376972013002922,0.012767554286037064
joint_drop_16_no_round_lut,MUL,3,1000000,0.011631162076199604,0.005376837697030087,0.012767284048624698
baseline,DIV,0,1000000,0.04360829239052949,0.042723145393701346,0.06843822959225318
scale_drop_2,DIV,0,1000000,0.043608324535459146,0.042723179454845425,0.06843827277796768
residual_drop_2,DIV,0,1000000,0.04360829213174765,0.042723144988873044,0.06843822956058195
joint_drop_2_no_round_lut,DIV,0,1000000,0.04360831361016219,0.042723167745221516,0.0684382583575693
scale_drop_4,DIV,0,1000000,0.04360845366366498,0.042723316257623566,0.06843844555935043
residual_drop_4,DIV,0,1000000,0.04360829090311882,0.04272314275259099,0.06843822948318752
joint_drop_4_no_round_lut,DIV,0,1000000,0.043608376793756586,0.042723233755164125,0.0684383447323118
scale_drop_6,DIV,0,1000000,0.0436089689547636,0.04272386222666328,0.0684391366294432
residual_drop_6,DIV,0,1000000,0.04360828434181394,0.042723128389285187,0.06843823541895781
joint_drop_6_no_round_lut,DIV,0,1000000,0.04360862767366039,0.04272349216327344,0.06843869624715142
scale_drop_8,DIV,0,1000000,0.043611047696340284,0.04272606442658206,0.06844192032845678
residual_drop_8,DIV,0,1000000,0.043608261375849326,0.04272311188362995,0.06843819965535955
joint_drop_8_no_round_lut,DIV,0,1000000,0.043609659857395025,0.04272459359109513,0.06844007604345824
scale_drop_10,DIV,0,1000000,0.04361938873992721,0.04273490113351245,0.06845309480282805
residual_drop_10,DIV,0,1000000,0.04360826717755057,0.04272310804907473,0.0684382224342793
joint_drop_10_no_round_lut,DIV,0,1000000,0.043613866913599364,0.042729041348996785,0.06844573027168181
scale_drop_12,DIV,0,1000000,0.04365303456271321,0.042770532982996115,0.06849785469223349
residual_drop_12,DIV,0,1000000,0.04360844900624369,0.04272258257949115,0.06843938275581386
joint_drop_12_no_round_lut,DIV,0,1000000,0.043631148951051794,0.042746616269397256,0.06846947443587115
scale_drop_14,DIV,0,1000000,0.04379081301112995,0.04291630504667017,0.0686778756674211
residual_drop_14,DIV,0,1000000,0.0436134746481811,0.042725952426184155,0.0684438130569934
joint_drop_14_no_round_lut,DIV,0,1000000,0.043704939002043953,0.04282283050619691,0.06856446288286097
scale_drop_16,DIV,0,1000000,0.044404753163119946,0.04356298989837905,0.06941348076416366
residual_drop_16,DIV,0,1000000,0.043694714178817345,0.0428062625408862,0.06847846461040502
joint_drop_16_no_round_lut,DIV,0,1000000,0.0440917006139235,0.04322495481453808,0.06896785297717908
baseline,DIV,1,1000000,0.011857181744840751,0.01104229944040316,0.01936943247682306
scale_drop_2,DIV,1,1000000,0.011857203471742595,0.011042316968888277,0.01936947919184408
residual_drop_2,DIV,1,1000000,0.011857173577434857,0.011042292882015437,0.019369420275549876
joint_drop_2_no_round_lut,DIV,1,1000000,0.011857184331267544,0.011042301541667113,0.01936944317221206
scale_drop_4,DIV,1,1000000,0.011857290224564348,0.011042386909590817,0.019369664712454424
residual_drop_4,DIV,1,1000000,0.011857141051886436,0.011042266322336266,0.0193693726562287
joint_drop_4_no_round_lut,DIV,1,1000000,0.011857216193391031,0.011042326914718582,0.01936953351904282
scale_drop_6,DIV,1,1000000,0.01185763771882676,0.011042667121937482,0.019370409366735914
residual_drop_6,DIV,1,1000000,0.011857009204850225,0.011042154548416849,0.019369187025541735
joint_drop_6_no_round_lut,DIV,1,1000000,0.011857343540180516,0.011042424188428218,0.019369902232555414
scale_drop_8,DIV,1,1000000,0.011859065226232812,0.011043817911522315,0.01937347547203921
residual_drop_8,DIV,1,1000000,0.011856487036044751,0.011041751242608205,0.019368369723366547
joint_drop_8_no_round_lut,DIV,1,1000000,0.011857889442295167,0.011042880958585957,0.01937138318516344
scale_drop_10,DIV,1,1000000,0.011864814228676643,0.011048457998421047,0.019385759872213446
residual_drop_10,DIV,1,1000000,0.011854456613034971,0.011040153814598577,0.019365242337746648
joint_drop_10_no_round_lut,DIV,1,1000000,0.011860138467494764,0.011044736522370122,0.019377430300055693
scale_drop_12,DIV,1,1000000,0.011888421330826567,0.011067596034040996,0.019435197796787842
residual_drop_12,DIV,1,1000000,0.011846992542622121,0.011033712725592166,0.01935438215425177
joint_drop_12_no_round_lut,DIV,1,1000000,0.011870203961866421,0.011052538185451542,0.01940347226052062
scale_drop_14,DIV,1,1000000,0.011994147734223663,0.01115482275717457,0.019637649813685234
residual_drop_14,DIV,1,1000000,0.011828609720204428,0.011020006443594797,0.019315620235096597
joint_drop_14_no_round_lut,DIV,1,1000000,0.011929092845255321,0.011103292834772781,0.01951454066817594
scale_drop_16,DIV,1,1000000,0.012610644969013839,0.011684862047957652,0.020518611846473498
residual_drop_16,DIV,1,1000000,0.011924405486444738,0.011131496997676375,0.01926150944275401
joint_drop_16_no_round_lut,DIV,1,1000000,0.012444281395154428,0.011591400025165703,0.02009687360043694
baseline,DIV,2,1000000,0.008033066309143263,0.008354471768446715,0.009455439592255529
scale_drop_2,DIV,2,1000000,0.00803311114089604,0.008354514371131312,0.009455487350677848
residual_drop_2,DIV,2,1000000,0.008033061643053252,0.008354474116431046,0.00945543493072001
joint_drop_2_no_round_lut,DIV,2,1000000,0.008033051007761648,0.008354462500139574,0.00945542282914318
scale_drop_4,DIV,2,1000000,0.008033305297121273,0.00835470148326903,0.009455695293687201
residual_drop_4,DIV,2,1000000,0.008033043042661739,0.008354483277786196,0.009455416779211424
joint_drop_4_no_round_lut,DIV,2,1000000,0.008033209586472195,0.008354642188152626,0.009455594284026266
scale_drop_6,DIV,2,1000000,0.008034119588467179,0.008355496213347852,0.009456573925868891
residual_drop_6,DIV,2,1000000,0.008032971312412417,0.008354517773608542,0.009455353139167651
joint_drop_6_no_round_lut,DIV,2,1000000,0.0080338484200357,0.008355369318000986,0.009456296736631781
scale_drop_8,DIV,2,1000000,0.00803741459478886,0.00835871954833933,0.009460135845052488
residual_drop_8,DIV,2,1000000,0.008032676174170788,0.008354693104681706,0.00945503159474807
joint_drop_8_no_round_lut,DIV,2,1000000,0.008036433446082054,0.008358363315931079,0.009459088944391625
scale_drop_10,DIV,2,1000000,0.00805071878540494,0.00837172821851991,0.009474514528574623
residual_drop_10,DIV,2,1000000,0.008031525867875916,0.008355380297703106,0.009453874146093222
joint_drop_10_no_round_lut,DIV,2,1000000,0.008046854258642279,0.00837036270680888,0.009470447097754391
scale_drop_12,DIV,2,1000000,0.008104507733566886,0.008424307121170553,0.009532687568381092
residual_drop_12,DIV,2,1000000,0.008027592474379244,0.008357924591409069,0.009451228674069213
joint_drop_12_no_round_lut,DIV,2,1000000,0.008089444847368928,0.008418423486753118,0.009518136042948471
scale_drop_14,DIV,2,1000000,0.008326703241558042,0.008641381246607894,0.009774907653432155
residual_drop_14,DIV,2,1000000,0.008023255404790602,0.008378964694712167,0.0094541967296758
joint_drop_14_no_round_lut,DIV,2,1000000,0.008272039122474274,0.008623495045953014,0.009726705178434726
scale_drop_16,DIV,2,1000000,0.00930408491173933,0.009597018614396277,0.0108771467253378
residual_drop_16,DIV,2,1000000,0.00825562420957006,0.00866490509907105,0.009700061850675781
joint_drop_16_no_round_lut,DIV,2,1000000,0.009238983106595504,0.009665911495614197,0.010838800402181534
baseline,DIV,3,1000000,0.0034015776455714845,0.003183534346352975,0.004574747499960464
scale_drop_2,DIV,3,1000000,0.003401597717527284,0.0031835511849991004,0.0045747990580190445
residual_drop_2,DIV,3,1000000,0.0034015721416331105,0.00318353193744684,0.0045747344966999915
joint_drop_2_no_round_lut,DIV,3,1000000,0.0034015563820736032,0.0031835182662069425,0.004574694927115084
scale_drop_4,DIV,3,1000000,0.0034016785474099767,0.0031836191129726503,0.004575006240866299
residual_drop_4,DIV,3,1000000,0.0034015505318955785,0.003183522348546279,0.004574683125518533
joint_drop_4_no_round_lut,DIV,3,1000000,0.003401615613640629,0.0031835766374801525,0.0045748505155738285
scale_drop_6,DIV,3,1000000,0.0034020119460816418,0.00318390156812018,0.004575853798621781
residual_drop_6,DIV,3,1000000,0.0034014640754308502,0.00318348079853417,0.0045744826713457355
joint_drop_6_no_round_lut,DIV,3,1000000,0.0034018380435271553,0.003183796222736461,0.004575437510105994
scale_drop_8,DIV,3,1000000,0.003403391545899096,0.003185081769826347,0.00457931961843564
residual_drop_8,DIV,3,1000000,0.003401132471739247,0.0031833631516942113,0.004573643861444559
joint_drop_8_no_round_lut,DIV,3,1000000,0.003402789651277144,0.0031847754675135105,0.0045778249082323854
scale_drop_10,DIV,3,1000000,0.0034089955170102963,0.0031898836815679446,0.004593342011445023
residual_drop_10,DIV,3,1000000,0.0033998816308265126,0.00318293243909656,0.004570462444763018
joint_drop_10_no_round_lut,DIV,3,1000000,0.003406736363418634,0.0031888083898815767,0.004587624583445668
scale_drop_12,DIV,3,1000000,0.0034327234480050844,0.003210481615099402,0.004650896801751954
residual_drop_12,DIV,3,1000000,0.0033962458754317995,0.0031821068633209877,0.004560502018205262
joint_drop_12_no_round_lut,DIV,3,1000000,0.0034253611059881276,0.0032075481165583517,0.0046304428313426885
scale_drop_14,DIV,3,1000000,0.00355296320372577,0.00332008178581426,0.004901084159281469
residual_drop_14,DIV,3,1000000,0.0034075279320451343,0.00320854698977807,0.004551924458672381
joint_drop_14_no_round_lut,DIV,3,1000000,0.003566063904738859,0.0033598221344841024,0.004843694963060943
scale_drop_16,DIV,3,1000000,0.004580136700304984,0.00432669986704684,0.0061256566898758935
residual_drop_16,DIV,3,1000000,0.0038498826211853282,0.0037330515856756,0.005010533844187084
joint_drop_16_no_round_lut,DIV,3,1000000,0.004833789918342651,0.004716264767902481,0.006224553169986709
runtime_root,MUL,0,1000000,0.06250057195404408,0.03126089318988602,0.08333373142721966
runtime_root,MUL,1,1000000,0.015626945610370542,0.007600791035897356,0.02083444050471337
runtime_root,MUL,2,1000000,0.003912780261215162,0.001887797372049365,0.005212275466104757
runtime_root,MUL,3,1000000,0.0009986094337126256,0.000480180605239559,0.001317283927096439
runtime_root,DIV,0,1000000,0.04378631391755298,0.04291154416246733,0.06867221805124718
runtime_root,DIV,1,1000000,0.011988379438408026,0.0111501222743821,0.019627962317518084
runtime_root,DIV,2,1000000,0.00832066922905746,0.008637872512377184,0.009768402195984223
runtime_root,DIV,3,1000000,0.0035487683403233354,0.0033174732400998324,0.004890685539667051
l2_q08,DIV,2,1000000,0.004345819187255959,0.003917800737823636,0.006486962364014799
l2_root,DIV,2,1000000,0.003075875997548457,0.0028773228809152286,0.004358037728714118
l2_tuned_q07_y2,DIV,2,1000000,0.007506358902088328,0.007760997911324336,0.00843294805089967
l2_tuned_q07_y3,DIV,2,1000000,0.007506358902088328,0.007760997911324336,0.00843294805089967
l2_tuned_q07_y4,DIV,2,1000000,0.006631303836206887,0.007114967433075163,0.0076547634942756085
l2_tuned_q08_y2,DIV,2,1000000,0.003151807464492199,0.002951134912583327,0.004322693067829731
l2_tuned_q08_y2_scale_drop_8,DIV,2,1000000,0.003150139028175295,0.0029494974435587454,0.004322621095817858
l2_tuned_q08_y2_scale_drop_10,DIV,2,1000000,0.003145128524780588,0.0029445778029251277,0.004322519740567384
l2_tuned_q08_y2_scale_drop_12,DIV,2,1000000,0.0031263460033892562,0.0029261727402277405,0.00432396594469909
l2_tuned_q08_y2_scale_drop_14,DIV,2,1000000,0.003074176493747495,0.0028760677253689437,0.004359259145437761
l2_tuned_q08_y2_scale_drop_16,DIV,2,1000000,0.003277541429018211,0.003088289913780911,0.004932200259627768
l2_tuned_q08_y2_res8_scale14,DIV,2,1000000,0.003074638757891714,0.0028764199871468585,0.004358772317864513
l2_tuned_q08_y2_res10_scale14,DIV,2,1000000,0.0030748573070158765,0.0028763563642988797,0.0043585208893923335
l2_tuned_q08_y2_res12_scale14,DIV,2,1000000,0.003077283678723463,0.002877083880570378,0.004360141816811487
l2_tuned_q08_y3,DIV,2,1000000,0.003151807464492199,0.002951134912583327,0.004322693067829731
l2_tuned_q08_y4,DIV,2,1000000,0.002987653141667712,0.0028378397409938123,0.003950717885138329
combined_res8_scale14,MUL,0,1000000,0.06250006285589868,0.031258763971865756,0.08333351445598192
combined_res8_scale14,MUL,1,1000000,0.015625160092694632,0.00759950517911846,0.02083355676345685
combined_res8_scale14,MUL,2,1000000,0.003906723143138691,0.0018849728171049375,0.0052087381300052185
combined_res8_scale14,MUL,3,1000000,0.0009784754935711856,0.0004710692689695105,0.001303206508382636
combined_res8_scale14,DIV,0,1000000,0.04379081301112995,0.04291630504667017,0.0686778756674211
combined_res8_scale14,DIV,1,1000000,0.011993013537763872,0.011153834416725098,0.019635932411196398
combined_res8_scale14,DIV,2,1000000,0.008325049198900623,0.008640322742486712,0.009772945672348479
combined_res8_scale14,DIV,3,1000000,0.00355053685774392,0.0033180988748812918,0.004896001471780192
combined_res10_scale12,MUL,0,1000000,0.06250057195404408,0.03126089318988602,0.08333373142721966
combined_res10_scale12,MUL,1,1000000,0.015626944612399166,0.007600790467860436,0.02083443900119263
combined_res10_scale12,MUL,2,1000000,0.003912791700336955,0.0018878025854068012,0.005212282141487574
combined_res10_scale12,MUL,3,1000000,0.000998664576894492,0.0004802058620724081,0.0013173247167449597
combined_res10_scale12,DIV,0,1000000,0.04364776895083895,0.042764950057201,0.06849083329494197
combined_res10_scale12,DIV,1,1000000,0.011885956570665785,0.011065646872263902,0.019431682284611684
combined_res10_scale12,DIV,2,1000000,0.008104223918823018,0.008426442136001414,0.009532461388567582
combined_res10_scale12,DIV,3,1000000,0.0034310221094968926,0.003209906954193811,0.004646512143522995
combined_res10_scale14,MUL,0,1000000,0.06250057195404408,0.03126089318988602,0.08333373142721966
combined_res10_scale14,MUL,1,1000000,0.015626944612399166,0.007600790467860436,0.02083443900119263
combined_res10_scale14,MUL,2,1000000,0.003912791700336955,0.0018878025854068012,0.005212282141487574
combined_res10_scale14,MUL,3,1000000,0.000998664576894492,0.0004802058620724081,0.0013173247167449597
combined_res10_scale14,DIV,0,1000000,0.04378631391755298,0.04291154416246733,0.06867221805124718
combined_res10_scale14,DIV,1,1000000,0.011991278937627171,0.011152546864766914,0.01963352505683081
combined_res10_scale14,DIV,2,1000000,0.008324925285129799,0.008642023925951025,0.0097728348819714
combined_res10_scale14,DIV,3,1000000,0.0035499903581253764,0.003318604538568914,0.004893301805963979
