candidate,top,implementation,selection,area_um2,pt_delay_ns,pt_power_mw,adp_um2_ns,logic_levels,area_delta_pct_vs_baseline,delay_delta_pct_vs_baseline,power_delta_pct_vs_baseline,functional_check,dc_report,pt_report_dir,flow_note
baseline,oadm_fixed_l2_div_paceio_opt,generic centered-residual L2,superseded,2715.119986,4.47307,0.1614050,12144.921756,56,0.00,0.00,0.00,500064-vector bit-exact RTL equivalence,dc/l2_divopt/outputs_10ns/oadm_fixed_l2_div_paceio_opt/oadm_fixed_l2_div_paceio_opt.dc.rpt,pt_dc/l2_divopt/reports_10ns/oadm_fixed_l2_div_paceio_opt,TSMC65 typical CCS; 10 ns; no pipeline; explicit flatten; set_max_area 0; compile_ultra; optimize_netlist -area; PT vectorless probability 0.5 and 0.1 toggles per 10 ns
balanced,oadm_fixed_l2_div_specialized_paceio,fixed-L2 midpoint algebra and range-specialized normalizer,selected delay-balanced point,2587.319989,3.87981,0.1587640,10038.309967,54,-4.71,-13.26,-1.64,500064-vector bit-exact RTL equivalence; 20003-vector gate miter passed,dc/l2_divopt/outputs_10ns/oadm_fixed_l2_div_specialized_paceio/oadm_fixed_l2_div_specialized_paceio.dc.rpt,pt_dc/l2_divopt/reports_10ns/oadm_fixed_l2_div_specialized_paceio,TSMC65 typical CCS; 10 ns; no pipeline; explicit flatten; set_max_area 0; compile_ultra; optimize_netlist -area; PT vectorless probability 0.5 and 0.1 toggles per 10 ns
unsigned,oadm_fixed_l2_div_specialized_unsigned_paceio,balanced specialization with unsigned reciprocal-scale multiply,not selected,2579.399991,4.12710,0.1574640,10645.441703,57,-5.00,-7.73,-2.44,500064-vector bit-exact RTL equivalence,dc/l2_divopt/outputs_10ns/oadm_fixed_l2_div_specialized_unsigned_paceio/oadm_fixed_l2_div_specialized_unsigned_paceio.dc.rpt,pt_dc/l2_divopt/reports_10ns/oadm_fixed_l2_div_specialized_unsigned_paceio,TSMC65 typical CCS; 10 ns; no pipeline; explicit flatten; set_max_area 0; compile_ultra; optimize_netlist -area; PT vectorless probability 0.5 and 0.1 toggles per 10 ns
reduced_unsigned,oadm_fixed_l2_div_specialized_reduced_scale_paceio,unsigned scale narrowed from 27 to proven 25 active plane bits,equivalent-width alternative,2539.439992,4.19835,0.1552360,10661.457890,59,-6.47,-6.14,-3.82,500064-vector bit-exact RTL equivalence; 20003-vector gate miter passed,dc/l2_divopt/outputs_10ns/oadm_fixed_l2_div_specialized_reduced_scale_paceio/oadm_fixed_l2_div_specialized_reduced_scale_paceio.dc.rpt,pt_dc/l2_divopt/reports_10ns/oadm_fixed_l2_div_specialized_reduced_scale_paceio,TSMC65 typical CCS; 10 ns; no pipeline; explicit flatten; set_max_area 0; compile_ultra; optimize_netlist -area; PT vectorless probability 0.5 and 0.1 toggles per 10 ns
area_power,oadm_fixed_l2_div_specialized_reduced_signed_scale_paceio,proven 25 active plane bits with signed constant-multiply mapping,area/power Pareto,2539.439992,4.19835,0.1551590,10661.457890,59,-6.47,-6.14,-3.87,500064-vector bit-exact RTL equivalence; 20003-vector gate miter passed,dc/l2_divopt/outputs_10ns/oadm_fixed_l2_div_specialized_reduced_signed_scale_paceio/oadm_fixed_l2_div_specialized_reduced_signed_scale_paceio.dc.rpt,pt_dc/l2_divopt/reports_10ns/oadm_fixed_l2_div_specialized_reduced_signed_scale_paceio,TSMC65 typical CCS; 10 ns; no pipeline; explicit flatten; set_max_area 0; compile_ultra; optimize_netlist -area; PT vectorless probability 0.5 and 0.1 toggles per 10 ns
midpoint_shift_add,oadm_fixed_l2_div_specialized_shiftadd_paceio,midpoint products expanded into shifts and adds,dominated,3763.080015,3.87974,0.1765660,14599.772057,55,38.60,-13.26,9.39,500064-vector bit-exact RTL equivalence,dc/l2_divopt/outputs_10ns/oadm_fixed_l2_div_specialized_shiftadd_paceio/oadm_fixed_l2_div_specialized_shiftadd_paceio.dc.rpt,pt_dc/l2_divopt/reports_10ns/oadm_fixed_l2_div_specialized_shiftadd_paceio,TSMC65 typical CCS; 10 ns; no pipeline; explicit flatten; set_max_area 0; compile_ultra; optimize_netlist -area; PT vectorless probability 0.5 and 0.1 toggles per 10 ns
scale_shift_add,oadm_fixed_l2_div_specialized_scale_shiftadd_paceio,Q0.7 reciprocal coefficient multiply expanded into shifts and adds,delay Pareto,3020.399992,3.71415,0.1829650,11218.218630,55,11.24,-16.97,13.36,500064-vector bit-exact RTL equivalence,dc/l2_divopt/outputs_10ns/oadm_fixed_l2_div_specialized_scale_shiftadd_paceio/oadm_fixed_l2_div_specialized_scale_shiftadd_paceio.dc.rpt,pt_dc/l2_divopt/reports_10ns/oadm_fixed_l2_div_specialized_scale_shiftadd_paceio,TSMC65 typical CCS; 10 ns; no pipeline; explicit flatten; set_max_area 0; compile_ultra; optimize_netlist -area; PT vectorless probability 0.5 and 0.1 toggles per 10 ns
post_scale_correction,oadm_fixed_l2_div_specialized_postcorr_paceio,rounding correction moved after reciprocal scaling,dominated,2776.319994,3.92426,0.1639750,10895.001500,55,2.25,-12.27,1.59,500064-vector bit-exact RTL equivalence,dc/l2_divopt/outputs_10ns/oadm_fixed_l2_div_specialized_postcorr_paceio/oadm_fixed_l2_div_specialized_postcorr_paceio.dc.rpt,pt_dc/l2_divopt/reports_10ns/oadm_fixed_l2_div_specialized_postcorr_paceio,TSMC65 typical CCS; 10 ns; no pipeline; explicit flatten; set_max_area 0; compile_ultra; optimize_netlist -area; PT vectorless probability 0.5 and 0.1 toggles per 10 ns
midpoint_shift_add_post_scale_correction,oadm_fixed_l2_div_specialized_shiftadd_postcorr_paceio,shift-add midpoint terms plus post-scale correction,dominated,3813.840022,3.78507,0.1756420,14435.651452,56,40.47,-15.38,8.82,500064-vector bit-exact RTL equivalence,dc/l2_divopt/outputs_10ns/oadm_fixed_l2_div_specialized_shiftadd_postcorr_paceio/oadm_fixed_l2_div_specialized_shiftadd_postcorr_paceio.dc.rpt,pt_dc/l2_divopt/reports_10ns/oadm_fixed_l2_div_specialized_shiftadd_postcorr_paceio,TSMC65 typical CCS; 10 ns; no pipeline; explicit flatten; set_max_area 0; compile_ultra; optimize_netlist -area; PT vectorless probability 0.5 and 0.1 toggles per 10 ns
