level,residual_drop,variant,cases,mae,mred,rmse,mean_error,mae_change_pct,mred_change_pct,rmse_change_pct,cost_proxy,within_10pct
0,0,current_oadm,250000,0.06249999282073975,0.03130236283506557,0.08333399241637027,-1.0980281864794961e-06,0.0,0.0,0.0,,yes
0,4,floor,250000,0.0625000053215027,0.03130240650095974,0.08333399993175236,-3.6608696018847697e-06,2.000122301115681e-05,0.0001394971184565108,9.018387192583077e-06,228,yes
0,4,midpoint_bias,250000,0.0625000053215027,0.03130240650095974,0.08333399993175236,-3.6608696018847697e-06,2.000122301115681e-05,0.0001394971184565108,9.018387192583077e-06,234,yes
0,4,round_nearest,250000,0.06250000286102296,0.03130236558875752,0.08333399994552095,-8.227348362597695e-07,1.6064454988473642e-05,8.797073758337604e-06,9.034909353999865e-06,266,yes
0,6,floor,250000,0.06250002261225737,0.031302532673041124,0.08333399992576958,-1.217527389875977e-05,4.7666433666826435e-05,0.0005425723816676609,9.011207913189878e-06,204,yes
0,6,midpoint_bias,250000,0.06250002336830754,0.03130237032985387,0.08333399903956064,-7.311821018847695e-07,4.887611406712011e-05,2.3943203064646923e-05,7.947765578997235e-06,210,yes
0,6,round_nearest,250000,0.06250001146697999,0.03130237047629225,0.08333400062343416,-8.227348362597695e-07,2.9833987813532303e-05,2.441102200378964e-05,9.84839878537258e-06,238,yes
0,8,floor,250000,0.06250010128161344,0.03130304696605514,0.08333401323848856,-4.6232891086259766e-05,0.00017353741783576737,0.002185557023826057,2.498634432690494e-05,180,yes
0,8,midpoint_bias,250000,0.06250009293213725,0.03130239223049441,0.08333400041496138,-4.565238987597695e-07,0.0001601782543936281,9.390801898323531e-05,9.5982334080702e-06,186,yes
0,8,round_nearest,250000,0.0625000476059001,0.03130238275457337,0.08333399992635111,-8.227348362597695e-07,8.765626662299297e-05,6.363579614365733e-05,9.011905732769776e-06,210,yes
0,10,floor,250000,0.06250064115785785,0.031305215280407556,0.08333423594360125,-0.00018246335983625978,0.0010373395081142434,0.009112555997803362,0.00029223036592807006,156,yes
0,10,midpoint_bias,250000,0.06250039122731291,0.0313024993503429,0.08333403619073315,6.421089137402305e-07,0.0006374505902684291,0.00043611812323707255,5.252882000483794e-05,162,yes
0,10,round_nearest,250000,0.06250022198579724,0.03130246158895953,0.0833340305624619,-8.227348362597695e-07,0.0003666641340993593,0.00031548383256918555,4.577494792101788e-05,182,yes
0,12,floor,250000,0.06250781833839386,0.031315932710784325,0.0833376795327246,-0.0007273852348362597,0.012520829684814494,0.04335096296166352,0.004424504631805881,132,yes
0,12,midpoint_bias,250000,0.06250231888965808,0.03130315829100453,0.08333450525434821,5.036640163740231e-06,0.0037217106968467917,0.002541200941119648,0.0006154007063274847,138,yes
0,12,round_nearest,250000,0.06250138494802177,0.03130304463111754,0.08333456474251513,-8.227348362597695e-07,0.002227403907073544,0.00217809772240507,0.0006867859420500722,154,yes
0,14,floor,250000,0.0626099865116138,0.03138890286418257,0.08339277135428312,-0.002907072734836259,0.1759899256141173,0.27646484571461905,0.07053416764093434,108,yes
0,14,midpoint_bias,250000,0.06252732442320645,0.031312199685724344,0.08334208872886327,2.261476516374023e-05,0.04373056896997962,0.03142526559609671,0.009715498151763313,114,yes
0,14,round_nearest,250000,0.06251374039995562,0.03130901756581422,0.08334279464366671,-8.227348362597695e-07,0.021996129272050524,0.021259515723182076,0.010562589216256413,126,yes
0,16,floor,250000,0.06386474869818705,0.03207947821069881,0.08427635318044874,-0.01162582273483626,2.183609654742913,2.4826093152389594,1.1308239732113812,84,yes
0,16,midpoint_bias,250000,0.0627379172487938,0.03140293969071795,0.08347066901978507,9.292726516374024e-05,0.3806791286143918,0.3213075517088715,0.1640106269382935,90,yes
0,16,round_nearest,250000,0.06273761784740622,0.03140653044695777,0.08347085083813693,-8.227348362597695e-07,0.38020008633923297,0.3327787504127544,0.16422880723494515,98,yes
0,18,floor,250000,0.07752022378029572,0.03879839500355908,0.09732705892452362,-0.04650082273483625,24.032372295844027,23.94717679298093,16.791547005498476,60,no
0,18,midpoint_bias,250000,0.06525232634841918,0.032515160163768986,0.08550070112289603,0.00037417726516374036,4.403734150135952,3.8744593661945936,2.6000298842038028,66,yes
0,18,round_nearest,250000,0.06525267600288426,0.032581113354570986,0.0855040936575696,-8.227348362597695e-07,4.404293597344333,4.085156530333656,2.6041008936144916,70,yes
0,20,floor,250000,0.19072175605601038,0.0921435636421336,0.21769714902354906,-0.18600082273483626,205.15484474219338,194.3661605599703,161.2345127254269,36,no
0,20,midpoint_bias,250000,0.09025159074289468,0.043593028913132104,0.11312820235210017,0.001499177265163742,44.402561775888636,39.26433970121344,35.752769154351796,42,no
0,20,round_nearest,250000,0.09031716872104165,0.04460434906886665,0.113170880631664,-8.227348362589737e-07,44.507486552976296,42.495150618150504,35.80398268478078,42,no
1,0,current_oadm,250000,0.01562499716472626,0.007610178925741327,0.02083399686274594,-1.1845693623217811e-06,0.0,0.0,0.0,,yes
1,4,floor,250000,0.015625010643005376,0.007610194863068733,0.02083399995914033,-3.6608696018847697e-06,8.626100198583231e-05,0.00020942119181022179,1.486221969937418e-05,216,yes
1,4,midpoint_bias,250000,0.015625010643005376,0.007610194863068733,0.02083399995914033,-3.6608696018847697e-06,8.626100198583231e-05,0.00020942119181022179,1.486221969937418e-05,222,yes
1,4,round_nearest,250000,0.015625005722045903,0.007610182013990264,0.020834000011866905,-8.227348362597695e-07,5.4766855650534296e-05,4.058050364630361e-05,1.5115299212276057e-05,252,yes
1,6,floor,250000,0.015625045810709844,0.0076102424152443065,0.02083399998805333,-1.217527389875977e-05,0.0003113343514327127,0.0008342708311959157,1.5000997688474627e-05,192,yes
1,6,midpoint_bias,250000,0.015625047064576847,0.007610198585577353,0.02083399640169984,-7.311821018847695e-07,0.0003193591016970032,0.0002583360551478009,-2.2129508003843057e-06,198,yes
1,6,round_nearest,250000,0.015625022935335575,0.007610190217875346,0.020834002737129216,-8.227348362597695e-07,0.00016493192953603852,0.00014838197799349473,2.819614168814155e-05,224,yes
1,8,floor,250000,0.015625225026527197,0.007610451397174195,0.020834054095917084,-4.6232891086259766e-05,0.0014583157906145061,0.0035803551470703354,0.0002747104721256832,168,yes
1,8,midpoint_bias,250000,0.015625188645603274,0.007610257225444123,0.02083400212122435,-4.565238987597695e-07,0.001225477835253841,0.0010288812334113828,2.5239892487149973e-05,174,yes
1,8,round_nearest,250000,0.01562509917975226,0.007610224054728554,0.020834000166830322,-8.227348362597695e-07,0.000652896284880633,0.0005930082284111293,1.585909992218859e-05,196,yes
1,10,floor,250000,0.015626864984731762,0.007611697821517225,0.0208349586607274,-0.00018246335983625978,0.011954050204354694,0.019958739350522947,0.004616483278718775,144,yes
1,10,midpoint_bias,250000,0.01562583706492734,0.007610530203643322,0.020834148713598857,6.421089137402305e-07,0.005375362262327599,0.004615895439807893,0.0007288608802058505,150,yes
1,10,round_nearest,250000,0.015625527330481507,0.007610418976496038,0.020834126199796736,-8.227348362597695e-07,0.003393061449274981,0.003154337855315603,0.000620798071770956,168,yes
1,12,floor,250000,0.01565120050960032,0.007624368091133221,0.020848948440390105,-0.0007273852348362597,0.16770143762467882,0.18644982634901108,0.07176528700980622,120,yes
1,12,midpoint_bias,250000,0.01563140368340438,0.0076128685255916154,0.020836080711004627,5.036640163740231e-06,0.04100172698005,0.035342136847682504,0.010002153079002873,126,yes
1,12,round_nearest,250000,0.01562916481530871,0.00761208164349677,0.020836318623194815,-8.227348362597695e-07,0.026672968567686972,0.025002273586594015,0.011144095221715666,140,yes
1,14,floor,250000,0.015962415257649614,0.007767123627587943,0.02107157687595286,-0.0029070727348362597,2.1594761865626477,2.062299761648867,1.1403477439883236,96,yes
1,14,midpoint_bias,250000,0.015705662864670327,0.00764392992644134,0.020867283102400953,2.261476516374023e-05,0.5162605733213921,0.44349812309736336,0.15976886179978056,102,yes
1,14,round_nearest,250000,0.015671811359694237,0.007631608068880993,0.02087010212919844,-8.227348362597695e-07,0.2996109021617066,0.28158527347079687,0.17329975947659726,112,yes
1,16,floor,250000,0.019398850987420273,0.009352915067260709,0.024382705991029683,-0.01162582273483626,24.152668847925064,22.90006790280057,17.0332613164079,72,no
1,16,midpoint_bias,250000,0.01632945661806442,0.007921060628298728,0.021388979857559415,9.292726516374024e-05,4.508541319472958,4.0850774415545965,2.6638335335734897,78,yes
1,16,round_nearest,250000,0.016329206308978324,0.007923262903661655,0.021389686520482166,-8.227348362597695e-07,4.506939341031235,4.11401599062704,2.6672254075734925,84,yes
1,18,floor,250000,0.047763185138455844,0.022421516444371892,0.0547928763685381,-0.04650082273483625,205.68444035485766,194.6253519550167,162.99743025552294,48,no
1,18,midpoint_bias,250000,0.0226976239783916,0.01079555987772687,0.02846126716153026,0.00037417726516374036,45.26481982110009,41.8568470343192,36.609731435752146,54,no
1,18,round_nearest,250000,0.022704333238088813,0.010851972497910905,0.028471422796964803,-8.227348362597695e-07,45.3077590909539,42.59812553426643,36.65847693332254,56,no
1,20,floor,250000,0.1860547763311642,0.08578810723300287,0.20377634252689708,-0.18600082273483626,1090.7507845901343,1027.2810806435282,878.0952923693545,24,no
1,20,midpoint_bias,250000,0.06529347915245237,0.030369115469475228,0.08031358180250509,0.001499177265163742,317.8783424028626,299.0591517730563,285.4929149294288,30,no
1,20,round_nearest,250000,0.06541105805603747,0.03079906263869218,0.08037349217647839,-8.227348362589737e-07,318.630847522355,304.7087846320507,285.7804755658636,28,no
2,0,current_oadm,250000,0.003906749867224488,0.0018876729330830522,0.005208999721793081,-1.288337711015629e-06,0.0,0.0,0.0,,yes
2,4,floor,250000,0.003906750695255861,0.001887675757590419,0.005209000068679049,-3.6608696018847697e-06,2.1194890931219845e-05,0.0001496290653602017,6.659358531280191e-06,204,yes
2,4,midpoint_bias,250000,0.003906750695255861,0.001887675757590419,0.005209000068679049,-3.6608696018847697e-06,2.1194890931219845e-05,0.0001496290653602017,6.659358531280191e-06,210,yes
2,4,round_nearest,250000,0.003906750034851563,0.0018876724695331246,0.005209000277218903,-8.227348362597695e-07,4.29070405871812e-06,-2.4556686673005146e-05,1.0662811522621496e-05,238,yes
2,6,floor,250000,0.003906764432574778,0.0018876778827749535,0.005209000237158444,-1.217527389875977e-05,0.0003728252584656033,0.0002622113086658828,9.893749108869088e-06,180,yes
2,6,midpoint_bias,250000,0.003906747069352506,0.0018876560978238097,0.005208985851504912,-7.311821018847695e-07,-7.161635827701573e-05,-0.0008918525528089916,-0.00026627546381163825,186,yes
2,6,round_nearest,250000,0.003906756900887877,0.0018876921544141723,0.0052090111908839,-8.227348362597695e-07,0.00018003874393546226,0.0010182553758841806,0.00022017837266741225,210,yes
2,8,floor,250000,0.003907130466976374,0.001887854929078566,0.005209217501828131,-4.6232891086259766e-05,0.009742106989740762,0.009641288611184073,0.004180841748535613,156,yes
2,8,midpoint_bias,250000,0.003906774825585725,0.0018876401656889358,0.005209008945450207,-4.565238987597695e-07,0.0006388522962863519,-0.0017358618403684467,0.00017707156112489741,162,yes
2,8,round_nearest,250000,0.003906776410899201,0.0018876488176494783,0.005209001128631617,-8.227348362597695e-07,0.0006794311285585053,-0.001277521818066063,2.7007844338733378e-05,182,yes
2,10,floor,250000,0.00391384630211709,0.0018911290934924808,0.005212847870101725,-0.00018246335983625978,0.18164548880228448,0.18309106142575526,0.07387499547262255,132,yes
2,10,midpoint_bias,250000,0.003907833077546573,0.0018882254479114754,0.005209598719271499,6.421089137402305e-07,0.027726636178382336,0.02926962710223524,0.011499280292004421,138,yes
2,10,round_nearest,250000,0.003907641999633452,0.0018879464939721364,0.005209508680287178,-8.227348362597695e-07,0.02283566748024768,0.014491964380569655,0.009770752952209527,154,yes
2,12,floor,250000,0.003993470196588577,0.0019271194421160303,0.005268703005748227,-0.0007273852348362597,2.2197563783549423,2.0896898155207344,1.1461564051417295,108,yes
2,12,midpoint_bias,250000,0.003923742397166778,0.0018951944219368537,0.0052173755612976765,5.036640163740231e-06,0.43495310730918835,0.398452969366736,0.16079554524746076,114,yes
2,12,round_nearest,250000,0.003919883979156927,0.001893821334803233,0.00521832559380946,-8.227348362597695e-07,0.33619024454643043,0.32571329558341855,0.17903383594670697,126,yes
2,14,floor,250000,0.004853953917244271,0.0023099929501163687,0.006093335417655357,-0.0029070727348362597,24.24532110351656,22.37252066456026,16.977073202028592,84,no
2,14,midpoint_bias,250000,0.004054270243863334,0.0019446905502398472,0.005341494797550181,2.261476516374023e-05,3.7760384373840328,3.0205241680120176,2.54358001216195,90,yes
2,14,round_nearest,250000,0.004124455556072654,0.0019916882281777876,0.005352496973363578,-8.227348362597695e-07,5.572552537202324,5.510239261885896,2.7547947635731873,98,yes
2,16,floor,250000,0.011956782819271794,0.0055595983509575345,0.013719425569509471,-0.01162582273483626,206.05447560343487,194.52127291337968,163.37927245630314,60,no
2,16,midpoint_bias,250000,0.005680035472065303,0.0026845544594629096,0.007122187341766967,9.292726516374024e-05,45.39030306797267,42.21502106714781,36.72850301699218,66,no
2,16,round_nearest,250000,0.005682499041090358,0.002688779635255472,0.007124307116835638,-8.227348362597695e-07,45.45336236556743,42.43885093293189,36.76919749159164,70,no
2,18,floor,250000,0.04652333364458414,0.021509721678148377,0.051043002960229074,-0.04650082273483626,1090.8449536247426,1039.4835037983783,879.900281942397,36,no
2,18,midpoint_bias,250000,0.016371319893685076,0.007606378624721429,0.020141134834544525,0.00037417726516374036,319.0521648450434,302.95002865238257,286.660316956427,42,no
2,18,round_nearest,250000,0.016385826267456657,0.0076311740519553455,0.020155471020390475,-8.227348362597695e-07,319.42348049781356,304.2635733242034,286.9355365112673,42,no
2,20,floor,250000,0.18600082273483623,0.08499722140887664,0.20317157323012433,-0.18600082273483623,4661.011814328894,4402.751505264975,3800.3951637798723,12,no
2,20,midpoint_bias,250000,0.063542149405391,0.029485615991841505,0.07800028756729147,0.001499177265163742,1526.4708917884705,1462.0087291119844,1397.4139322941187,18,no
2,20,round_nearest,250000,0.06361559786692801,0.029566178009697203,0.07806192333696661,-8.227348362589737e-07,1528.350931822597,1466.2765244722814,1398.5971876783965,14,no
3,0,current_oadm,250000,0.0009766870699639914,0.0004709387251252673,0.0013022496722908045,-6.498642002734414e-07,0.0,0.0,0.0,,yes
3,4,floor,250000,0.00097669082275984,0.0004709414818575998,0.0013022509191313912,-2.9463901554736365e-06,0.00038423728172531924,0.0005853696426694199,9.574512578325312e-05,192,yes
3,4,midpoint_bias,250000,0.00097669082275984,0.0004709414818575998,0.0013022509191313912,-2.9463901554736365e-06,0.00038423728172531924,0.0005853696426694199,9.574512578325312e-05,198,yes
3,4,round_nearest,250000,0.0009766871006741033,0.0004709379931561009,0.001302250750307164,-1.0919094435303123e-07,3.144314386638314e-06,-0.0001554276867321569,8.278108127868222e-05,224,yes
3,6,floor,250000,0.0009767720937193904,0.000470970346781949,0.0013022949626788564,-1.142148971907227e-05,0.00870532210508479,0.006714601071156068,0.0034778575119354116,168,yes
3,6,midpoint_bias,250000,0.0009766850833974306,0.00047092752314796,0.001302243868752937,1.878738053710549e-08,-0.00020339847038863823,-0.0023786485820020964,-0.0004456547765707697,174,yes
3,6,round_nearest,250000,0.0009767113470674495,0.00047095145978490194,0.0013022572205860657,-7.27348362597695e-08,0.0024856583244359243,0.0027041011824380234,0.0005796350286635388,196,yes
3,8,floor,250000,0.0009784645561898284,0.0004717380575303158,0.0013031973560384854,-4.546775436750977e-05,0.18199137477090677,0.16973172143275317,0.07277281521704815,144,yes
3,8,midpoint_bias,250000,0.000976893754462648,0.0004710239728968861,0.0013023881176909015,2.933540309277305e-07,0.021161793271629037,0.018101669510417473,0.010631248603298893,150,yes
3,8,round_nearest,250000,0.0009769763968830829,0.00047105219306969366,0.001302363692226582,-7.27348362597695e-08,0.029623297777670032,0.024093993203933017,0.008755612552913128,168,yes
3,10,floor,250000,0.0009986103159762305,0.0004808834812554651,0.0013172623380214828,-0.00018165281296125978,2.244654064381879,2.111687911745319,1.152825456601514,120,yes
3,10,midpoint_bias,250000,0.0009805058088413843,0.0004726766654798267,0.0013044598583216455,1.3916206324902305e-06,0.39098898662943693,0.3690374695979992,0.16972060564646174,126,yes
3,10,round_nearest,250000,0.0009803779330050902,0.000472600444404511,0.0013045249161685148,-7.27348362597695e-08,0.3778961711077944,0.3528525454774778,0.17471641008039995,140,yes
3,12,floor,250000,0.0012137578071863108,0.0005774425407790141,0.0015240073838924965,-0.0007263930473362597,24.272947243077535,22.6152172186344,17.028816848277263,96,no
3,12,midpoint_bias,250000,0.0010221405715972267,0.0004910297593359956,0.0013362406686754362,5.78468703874023e-06,4.65384492444556,4.26616736718437,2.610175076860477,102,yes
3,12,round_nearest,250000,0.0010197609400779324,0.000490525987371764,0.001337949823562356,-7.27348362597695e-08,4.410201735908004,4.159195496460089,2.7414214056779906,112,yes
3,14,floor,250000,0.0029923110127166373,0.0013809251824163304,0.00343858401351998,-0.0029053539848362597,206.37356679933916,193.22820756543462,164.049520355887,72,no
3,14,midpoint_bias,250000,0.0014166546390095198,0.0006686087082931175,0.001779854419855957,2.335695266374023e-05,45.04693289957746,41.97360986087331,36.67535939747957,78,no
3,14,round_nearest,250000,0.0014146782043819044,0.000667959561541719,0.0017795637920916623,-7.27348362597695e-08,44.84457180681842,41.83576883893869,36.65304203618713,84,no
3,16,floor,250000,0.011627668137767357,0.005369042229811724,0.012772267730889318,-0.01162119773483626,1090.5213548282202,1040.0723583272083,880.7848681137662,48,no
3,16,midpoint_bias,250000,0.004095294414653243,0.001902507255539094,0.0050388294820862545,9.364601516374024e-05,319.3046617074832,303.9819097554648,286.93267422539515,54,no
3,16,round_nearest,250000,0.004094585284914912,0.0019012792738614225,0.005039478819869927,-7.27348362597695e-08,319.23205608382557,303.72115785460034,286.9825369972959,56,no
3,18,floor,250000,0.046485107242171,0.021439238605181533,0.05081074888768439,-0.046484572734836256,4659.467865575903,4452.447582109287,3801.767070388471,24,no
3,18,midpoint_bias,250000,0.015896657632055826,0.007369135912438185,0.019516516146733314,0.00037480226516374034,1527.6101241559293,1464.7759505184104,1398.6769866028496,30,no
3,18,round_nearest,250000,0.01589645384316969,0.00736624782968999,0.01952162952137644,-7.27348362597695e-08,1527.5892588355618,1464.162689685501,1399.0696436141684,28,no
3,20,floor,250000,0.18743757273483624,0.08747492482337911,0.20453469803700333,-0.18743757273483624,19091.15943059907,18474.587341508435,15606.258361133136,12,no
3,20,midpoint_bias,250000,0.06347303857591216,0.029412374326912648,0.07792531165362232,-7.27348362589737e-08,6398.8101642681,6145.477969366207,5883.89950189374,18,no
3,20,round_nearest,250000,0.06346837477132979,0.029449322749545162,0.0779023935150355,0.001499427265163742,6398.332651590212,6153.323665772398,5882.139613673035,14,no
