top,dataset,count,mae,mred,rmse,max_relative,p99_relative
stdm_tune_00,random_200k,200000,0.004796667012809207,0.004534240033848713,0.006485953566426254,0.035739547376864904,0.016232399132885572
stdm_tune_00,grid_low,65536,0.004673419374400997,0.004404188343138591,0.006355725942891653,0.032516891891891934,0.016004665310516402
stdm_tune_00,grid_high,65536,0.0047651947151656875,0.004512713631039239,0.00642461483608609,0.03318808055664423,0.016018240039779606
stdm_tune_00,signed,2000,227389.78667415472,0.0045220595888030195,2974766.235953166,0.02524381408454433,0.01606657881519119
stdm_tune_00,cell_boundaries,2304,0.006322555944300073,0.005825745888246174,0.008819498972221746,0.02965656377456703,0.02044647137576848
stdm_tune_00,diagonal,8414,0.0027616776053118316,0.0027616776053118316,0.00311611445320938,0.00439453125,0.00439453125
stdm_tune_00,independent_200k,200000,0.004801133314710549,0.004529140030184109,0.006497967979571667,0.03479131720296139,0.016285866124265035
stdm_tune_01,random_200k,200000,0.00527394194499037,0.005132082153473428,0.006813861603037727,0.02740793978551541,0.016723819868408586
stdm_tune_01,grid_low,65536,0.005192082767988126,0.005009134875778566,0.006765145491719353,0.02444066147859924,0.01630292736858481
stdm_tune_01,grid_high,65536,0.0052019724486254216,0.00511035735841702,0.006666216345364197,0.024800134420780388,0.01677338689540805
stdm_tune_01,signed,2000,234897.216082031,0.005087423235204931,2883746.749198943,0.021071028054533036,0.01694483505858975
stdm_tune_01,cell_boundaries,2304,0.006715835567662288,0.0062916237511851875,0.00902259872066596,0.026692605197970575,0.021783338697844427
stdm_tune_01,diagonal,8414,0.0035254730304403376,0.0035254730304403376,0.004654245649435584,0.009765625,0.009765625
stdm_tune_01,independent_200k,200000,0.005280274792362113,0.005131987728690556,0.00682587776458675,0.026185191796026165,0.016820452947127324
stdm_tune_02,random_200k,200000,0.0035777509999450306,0.0033505856601561065,0.0049482711604797065,0.02911428868703509,0.013344985766293043
stdm_tune_02,grid_low,65536,0.003425214025111974,0.00320356845207996,0.004799549928664421,0.026482370576969897,0.013113157541159864
stdm_tune_02,grid_high,65536,0.0035071328813994595,0.00327759366020076,0.004820998785262519,0.027206162324635637,0.01303808790269833
stdm_tune_02,signed,2000,185302.0423729514,0.003348543416663859,2038628.597148754,0.019024829034447577,0.013342349786909872
stdm_tune_02,cell_boundaries,2304,0.004136487289533586,0.0038170229987898874,0.005952770081593877,0.023657133451188417,0.01498431591807172
stdm_tune_02,diagonal,8414,0.0027616776053118316,0.0027616776053118316,0.00311611445320938,0.00439453125,0.00439453125
stdm_tune_02,independent_200k,200000,0.0035774381118673813,0.003347633870796877,0.004943615933859547,0.02861680474687479,0.013254553813955804
stdm_tune_03,random_200k,200000,0.0037542953718273987,0.003861101635404228,0.004621498907906563,0.020672520609501106,0.012156345474194022
stdm_tune_03,grid_low,65536,0.0035731308214696227,0.003656441954639147,0.004390564568312817,0.01800042229729735,0.011311112262664342
stdm_tune_03,grid_high,65536,0.0037329907133599035,0.003885231015150927,0.004569651199900696,0.018701150572068167,0.012283640698376917
stdm_tune_03,signed,2000,188314.78126290606,0.003973428546938898,2241394.0135730146,0.0170576953300022,0.012153216940480374
stdm_tune_03,cell_boundaries,2304,0.0038519461499791235,0.0037814916072592564,0.005372869011141486,0.017740781332734556,0.015039269434969678
stdm_tune_03,diagonal,8414,0.0010220015561861185,0.0010220015561861185,0.0015964462060949177,0.00390625,0.00390625
stdm_tune_03,independent_200k,200000,0.003757776438211995,0.003859641768532138,0.00462674717398586,0.019558678684840472,0.012131847436162142
stdm_tune_04,random_200k,200000,0.003232568502677899,0.0030331292000319553,0.004577021675752589,0.02678587795561353,0.013289712489968152
stdm_tune_04,grid_low,65536,0.003076079793355947,0.0028763840356328873,0.0044644139865818305,0.023466050624847374,0.013005640431836035
stdm_tune_04,grid_high,65536,0.0031392847171031746,0.002941614351007293,0.004401133165748303,0.024216447275670266,0.012825611030245819
stdm_tune_04,signed,2000,191541.80347320795,0.003080597421746024,2501426.0082370252,0.02005992793908412,0.013080278027908633
stdm_tune_04,cell_boundaries,2304,0.003853860992858341,0.003563330811905278,0.0057047178219258275,0.023657133451188417,0.016027735846369903
stdm_tune_04,diagonal,8414,0.0027616776053118316,0.0027616776053118316,0.00311611445320938,0.00439453125,0.00439453125
stdm_tune_04,independent_200k,200000,0.0032307468368015066,0.0030293223318214853,0.004575565019873478,0.026490524463308716,0.013143666533282089
stdm_tune_05,random_200k,200000,0.003143305955365865,0.0031394912333956443,0.004003524049677696,0.0162204313196531,0.009941943107159254
stdm_tune_05,grid_low,65536,0.0029018228336497504,0.002892885013365793,0.0036748975058497465,0.014194222383720981,0.008914377432330372
stdm_tune_05,grid_high,65536,0.0031332294791936977,0.003153802668480584,0.003995261441859744,0.014912351479199792,0.009913349898279734
stdm_tune_05,signed,2000,136442.22361743893,0.0032019853131684587,1483744.046653835,0.013241160063856451,0.009869945654656327
stdm_tune_05,cell_boundaries,2304,0.003138733972223793,0.00304161819411727,0.004297788866528564,0.012529183272272279,0.01080743712265215
stdm_tune_05,diagonal,8414,0.0010220015561861185,0.0010220015561861185,0.0015964462060949177,0.00390625,0.00390625
stdm_tune_05,independent_200k,200000,0.003144307926747496,0.003137147606856185,0.004005687226337862,0.017138063036555864,0.010010702417461744
stdm_tune_06,random_200k,200000,0.04225530269301196,0.04265015139877548,0.056459673068841754,0.31238485450405257,0.2090140699571533
stdm_tune_06,grid_low,65536,0.042375400409134935,0.042687880610981006,0.056713201659239175,0.30990821055133083,0.2085666771891206
stdm_tune_06,grid_high,65536,0.04220861100109798,0.042651578299805246,0.05629865528724562,0.31115811333691396,0.2098634486431315
stdm_tune_06,signed,2000,1408178.5490524718,0.04372829983024924,16763939.97876627,0.30662845557711776,0.22510454430328766
stdm_tune_06,cell_boundaries,2304,0.04407642290401415,0.04391105951982194,0.05971763454793921,0.2797852850344344,0.20616332335522727
stdm_tune_06,diagonal,8414,0.037109375,0.037109375,0.037109375,0.037109375,0.037109375
stdm_tune_06,independent_200k,200000,0.042283692880445894,0.04256774056078621,0.05648940345921353,0.3115064227694333,0.20851112608357208
stdm_tune_07,random_200k,200000,0.037986407484511216,0.03720187808825444,0.04815295289786568,0.19524916070161463,0.11730012868788083
stdm_tune_07,grid_low,65536,0.03805815744040349,0.03729488741715694,0.048194609037696,0.19512195121951217,0.11697414199645835
stdm_tune_07,grid_high,65536,0.037987312787043225,0.03722425769280458,0.048105890191776926,0.19563800513882162,0.11698656411621278
stdm_tune_07,signed,2000,1571736.3943157005,0.03782454507744366,17287993.109599262,0.19228505643202282,0.11501615872913214
stdm_tune_07,cell_boundaries,2304,0.042916352551016196,0.041949587663375816,0.054621798804661954,0.19791658167484938,0.12792958941776303
stdm_tune_07,diagonal,8414,0.0234375,0.0234375,0.024705294220065465,0.03125,0.03125
stdm_tune_07,independent_200k,200000,0.03812402177479167,0.037289616104758075,0.04827206291871133,0.19657151936232542,0.11645820021575745
stdm_tune_08,random_200k,200000,0.03895970395826141,0.03869511715582349,0.04836769694386338,0.15460118672980264,0.11600856398058589
stdm_tune_08,grid_low,65536,0.038879255559100684,0.03861102861762249,0.048298624234293465,0.15360501567398116,0.11598021496815294
stdm_tune_08,grid_high,65536,0.03893441978049886,0.038733270395726806,0.048325871446201575,0.15449216051026923,0.11658651652224622
stdm_tune_08,signed,2000,1446229.1654176407,0.0390757717910801,18349398.730962988,0.14426949966569128,0.11410707544153467
stdm_tune_08,cell_boundaries,2304,0.043256146447517844,0.04240701572374247,0.05454819314198088,0.1562499195337219,0.1284615842896343
stdm_tune_08,diagonal,8414,0.012696008884002852,0.012696008884002852,0.013672372408096581,0.015625,0.015625
stdm_tune_08,independent_200k,200000,0.038894282690132634,0.0386259388850439,0.04829313601550551,0.15428587395164067,0.11623854774146201
stdm_tune_09,random_200k,200000,0.039283683337305336,0.038155840193033426,0.049910145070311315,0.1641519035501116,0.12127764358791204
stdm_tune_09,grid_low,65536,0.03930100706426684,0.03819878311706217,0.049942424825288184,0.16376306620209058,0.12168285324171949
stdm_tune_09,grid_high,65536,0.0393489180276152,0.03825953216541993,0.049978291297041004,0.16341146902629733,0.12174719238249394
stdm_tune_09,signed,2000,1839267.7524542334,0.03822107414020177,23037759.097481422,0.1597944122370017,0.12364390414251211
stdm_tune_09,cell_boundaries,2304,0.043320736107765184,0.04195150656946165,0.05595895086661768,0.16666657836347987,0.13193330739310172
stdm_tune_09,diagonal,8414,0.03808849090801046,0.03808849090801046,0.04496570562419501,0.0625,0.0625
stdm_tune_09,independent_200k,200000,0.039488579763573776,0.03835026530255681,0.05013313977407078,0.16353147097657217,0.12214382337898078
stdm_tune_10,random_200k,200000,0.011393409298951903,0.010773303287989111,0.016165459704662467,0.0915832873823356,0.04915239002495803
stdm_tune_10,grid_low,65536,0.011353507805885156,0.01072723717596798,0.016204242131415046,0.08888381186162453,0.04927298594725867
stdm_tune_10,grid_high,65536,0.011373436753745443,0.010778381160710827,0.016069474806586704,0.09003935856964732,0.049624946948377636
stdm_tune_10,signed,2000,620096.1783366114,0.01115864559355656,9125523.363230437,0.0842524842001372,0.04967093952475421
stdm_tune_10,cell_boundaries,2304,0.012153416589345049,0.011353282401916992,0.01770496209794316,0.08053607135295898,0.05151383808550093
stdm_tune_10,diagonal,8414,0.009033203125,0.009033203125,0.009941051304444498,0.01318359375,0.01318359375
stdm_tune_10,independent_200k,200000,0.01137019228896806,0.010749147316913177,0.016142978326290094,0.0900132051331865,0.049254438857212514
stdm_tune_11,random_200k,200000,0.009941389999585019,0.009662028457513025,0.012686162123985286,0.05673071972438042,0.030212911908613777
stdm_tune_11,grid_low,65536,0.009917917137595097,0.00965737327044494,0.012640334429475408,0.054657794676806086,0.030164446518234703
stdm_tune_11,grid_high,65536,0.009924521993284707,0.009649299442911256,0.012678023548906306,0.05522015335720562,0.0304182255164143
stdm_tune_11,signed,2000,391906.0859305168,0.009708359902033527,4702671.349481569,0.04254289239980912,0.029649208545747405
stdm_tune_11,cell_boundaries,2304,0.013847522050294544,0.013372731545132225,0.018007522598897797,0.05371083132921462,0.038836523215232406
stdm_tune_11,diagonal,8414,0.006103109400998336,0.006103109400998336,0.00692209436848859,0.01171875,0.01171875
stdm_tune_11,independent_200k,200000,0.009948946179234428,0.009666707020526319,0.012698999603501411,0.05686599168435864,0.03032925211149609
stdm_tune_12,random_200k,200000,0.009716264351101156,0.009692179057963787,0.012223853087296652,0.05235395288807523,0.03133910174607425
stdm_tune_12,grid_low,65536,0.009636894892395022,0.009592134749658022,0.012131682593225297,0.051806083650190106,0.030722246013703866
stdm_tune_12,grid_high,65536,0.009756887829768548,0.009765340862766836,0.012243394952410117,0.05202414109769195,0.03152065959789822
stdm_tune_12,signed,2000,487615.8200919638,0.009948969410864237,5888993.904915388,0.04599851192445642,0.031646380053455325
stdm_tune_12,cell_boundaries,2304,0.01300025703743616,0.012523098463777662,0.017474051560190135,0.046386611757459305,0.04023177165151987
stdm_tune_12,diagonal,8414,0.0029908532282505347,0.0029908532282505347,0.004421882374774262,0.00927734375,0.00927734375
stdm_tune_12,independent_200k,200000,0.009724520687975302,0.009693483323797089,0.012221631985965854,0.05214355954290479,0.03117283005433
stdm_tune_13,random_200k,200000,0.002352667494793465,0.002284222331948105,0.003044234072627718,0.01248952383459618,0.007173791507206458
stdm_tune_13,grid_low,65536,0.0020701290795619182,0.002005683131747553,0.0026676318970814063,0.01132404181184669,0.006126841162420388
stdm_tune_13,grid_high,65536,0.002289754718059083,0.002228611351302539,0.002966310899999737,0.010908351400882784,0.006905045586621212
stdm_tune_13,signed,2000,105344.74759040096,0.0023027541020365846,1153141.3068865181,0.011079830632113047,0.007136270523561848
stdm_tune_13,cell_boundaries,2304,0.0028876198803808833,0.0027260761904687875,0.0040600490822210065,0.014756840044322548,0.009827783530692406
stdm_tune_13,diagonal,8414,0.0022256070031160865,0.0022256070031160865,0.002804213668743984,0.00531005859375,0.00531005859375
stdm_tune_13,independent_200k,200000,0.0023456186994689093,0.0022742196478540673,0.0030370105886070465,0.012254925713961725,0.007195188413593792
stdm_tune_00_narrow,random_200k,200000,0.004796667012809207,0.004534240033848713,0.006485953566426254,0.035739547376864904,0.016232399132885572
stdm_tune_00_narrow,grid_low,65536,0.004673419374400997,0.004404188343138591,0.006355725942891653,0.032516891891891934,0.016004665310516402
stdm_tune_00_narrow,grid_high,65536,0.0047651947151656875,0.004512713631039239,0.00642461483608609,0.03318808055664423,0.016018240039779606
stdm_tune_00_narrow,signed,2000,227389.78667415472,0.0045220595888030195,2974766.235953166,0.02524381408454433,0.01606657881519119
stdm_tune_00_narrow,cell_boundaries,2304,0.006322555944300073,0.005825745888246174,0.008819498972221746,0.02965656377456703,0.02044647137576848
stdm_tune_00_narrow,diagonal,8414,0.0027616776053118316,0.0027616776053118316,0.00311611445320938,0.00439453125,0.00439453125
stdm_tune_00_narrow,independent_200k,200000,0.004801133314710549,0.004529140030184109,0.006497967979571667,0.03479131720296139,0.016285866124265035
stdm_tune_02_narrow,random_200k,200000,0.0035777509999450306,0.0033505856601561065,0.0049482711604797065,0.02911428868703509,0.013344985766293043
stdm_tune_02_narrow,grid_low,65536,0.003425214025111974,0.00320356845207996,0.004799549928664421,0.026482370576969897,0.013113157541159864
stdm_tune_02_narrow,grid_high,65536,0.0035071328813994595,0.00327759366020076,0.004820998785262519,0.027206162324635637,0.01303808790269833
stdm_tune_02_narrow,signed,2000,185302.0423729514,0.003348543416663859,2038628.597148754,0.019024829034447577,0.013342349786909872
stdm_tune_02_narrow,cell_boundaries,2304,0.004136487289533586,0.0038170229987898874,0.005952770081593877,0.023657133451188417,0.01498431591807172
stdm_tune_02_narrow,diagonal,8414,0.0027616776053118316,0.0027616776053118316,0.00311611445320938,0.00439453125,0.00439453125
stdm_tune_02_narrow,independent_200k,200000,0.0035774381118673813,0.003347633870796877,0.004943615933859547,0.02861680474687479,0.013254553813955804
stdm_tune_04_narrow,random_200k,200000,0.003232568502677899,0.0030331292000319553,0.004577021675752589,0.02678587795561353,0.013289712489968152
stdm_tune_04_narrow,grid_low,65536,0.003076079793355947,0.0028763840356328873,0.0044644139865818305,0.023466050624847374,0.013005640431836035
stdm_tune_04_narrow,grid_high,65536,0.0031392847171031746,0.002941614351007293,0.004401133165748303,0.024216447275670266,0.012825611030245819
stdm_tune_04_narrow,signed,2000,191541.80347320795,0.003080597421746024,2501426.0082370252,0.02005992793908412,0.013080278027908633
stdm_tune_04_narrow,cell_boundaries,2304,0.003853860992858341,0.003563330811905278,0.0057047178219258275,0.023657133451188417,0.016027735846369903
stdm_tune_04_narrow,diagonal,8414,0.0027616776053118316,0.0027616776053118316,0.00311611445320938,0.00439453125,0.00439453125
stdm_tune_04_narrow,independent_200k,200000,0.0032307468368015066,0.0030293223318214853,0.004575565019873478,0.026490524463308716,0.013143666533282089
stdm_tune_05_narrow,random_200k,200000,0.003143305955365865,0.0031394912333956443,0.004003524049677696,0.0162204313196531,0.009941943107159254
stdm_tune_05_narrow,grid_low,65536,0.0029018228336497504,0.002892885013365793,0.0036748975058497465,0.014194222383720981,0.008914377432330372
stdm_tune_05_narrow,grid_high,65536,0.0031332294791936977,0.003153802668480584,0.003995261441859744,0.014912351479199792,0.009913349898279734
stdm_tune_05_narrow,signed,2000,136442.22361743893,0.0032019853131684587,1483744.046653835,0.013241160063856451,0.009869945654656327
stdm_tune_05_narrow,cell_boundaries,2304,0.003138733972223793,0.00304161819411727,0.004297788866528564,0.012529183272272279,0.01080743712265215
stdm_tune_05_narrow,diagonal,8414,0.0010220015561861185,0.0010220015561861185,0.0015964462060949177,0.00390625,0.00390625
stdm_tune_05_narrow,independent_200k,200000,0.003144307926747496,0.003137147606856185,0.004005687226337862,0.017138063036555864,0.010010702417461744
stdm_tune_06_narrow,random_200k,200000,0.04225530269301196,0.04265015139877548,0.056459673068841754,0.31238485450405257,0.2090140699571533
stdm_tune_06_narrow,grid_low,65536,0.042375400409134935,0.042687880610981006,0.056713201659239175,0.30990821055133083,0.2085666771891206
stdm_tune_06_narrow,grid_high,65536,0.04220861100109798,0.042651578299805246,0.05629865528724562,0.31115811333691396,0.2098634486431315
stdm_tune_06_narrow,signed,2000,1408178.5490524718,0.04372829983024924,16763939.97876627,0.30662845557711776,0.22510454430328766
stdm_tune_06_narrow,cell_boundaries,2304,0.04407642290401415,0.04391105951982194,0.05971763454793921,0.2797852850344344,0.20616332335522727
stdm_tune_06_narrow,diagonal,8414,0.037109375,0.037109375,0.037109375,0.037109375,0.037109375
stdm_tune_06_narrow,independent_200k,200000,0.042283692880445894,0.04256774056078621,0.05648940345921353,0.3115064227694333,0.20851112608357208
stdm_tune_10_narrow,random_200k,200000,0.011393409298951903,0.010773303287989111,0.016165459704662467,0.0915832873823356,0.04915239002495803
stdm_tune_10_narrow,grid_low,65536,0.011353507805885156,0.01072723717596798,0.016204242131415046,0.08888381186162453,0.04927298594725867
stdm_tune_10_narrow,grid_high,65536,0.011373436753745443,0.010778381160710827,0.016069474806586704,0.09003935856964732,0.049624946948377636
stdm_tune_10_narrow,signed,2000,620096.1783366114,0.01115864559355656,9125523.363230437,0.0842524842001372,0.04967093952475421
stdm_tune_10_narrow,cell_boundaries,2304,0.012153416589345049,0.011353282401916992,0.01770496209794316,0.08053607135295898,0.05151383808550093
stdm_tune_10_narrow,diagonal,8414,0.009033203125,0.009033203125,0.009941051304444498,0.01318359375,0.01318359375
stdm_tune_10_narrow,independent_200k,200000,0.01137019228896806,0.010749147316913177,0.016142978326290094,0.0900132051331865,0.049254438857212514
stdm_tune_13_narrow,random_200k,200000,0.002352667494793465,0.002284222331948105,0.003044234072627718,0.01248952383459618,0.007173791507206458
stdm_tune_13_narrow,grid_low,65536,0.0020701290795619182,0.002005683131747553,0.0026676318970814063,0.01132404181184669,0.006126841162420388
stdm_tune_13_narrow,grid_high,65536,0.002289754718059083,0.002228611351302539,0.002966310899999737,0.010908351400882784,0.006905045586621212
stdm_tune_13_narrow,signed,2000,105344.74759040096,0.0023027541020365846,1153141.3068865181,0.011079830632113047,0.007136270523561848
stdm_tune_13_narrow,cell_boundaries,2304,0.0028876198803808833,0.0027260761904687875,0.0040600490822210065,0.014756840044322548,0.009827783530692406
stdm_tune_13_narrow,diagonal,8414,0.0022256070031160865,0.0022256070031160865,0.002804213668743984,0.00531005859375,0.00531005859375
stdm_tune_13_narrow,independent_200k,200000,0.0023456186994689093,0.0022742196478540673,0.0030370105886070465,0.012254925713961725,0.007195188413593792
stdm_tune_00_binary,random_200k,200000,0.004796667012809207,0.004534240033848713,0.006485953566426254,0.035739547376864904,0.016232399132885572
stdm_tune_00_binary,grid_low,65536,0.004673419374400997,0.004404188343138591,0.006355725942891653,0.032516891891891934,0.016004665310516402
stdm_tune_00_binary,grid_high,65536,0.0047651947151656875,0.004512713631039239,0.00642461483608609,0.03318808055664423,0.016018240039779606
stdm_tune_00_binary,signed,2000,227389.78667415472,0.0045220595888030195,2974766.235953166,0.02524381408454433,0.01606657881519119
stdm_tune_00_binary,cell_boundaries,2304,0.006322555944300073,0.005825745888246174,0.008819498972221746,0.02965656377456703,0.02044647137576848
stdm_tune_00_binary,diagonal,8414,0.0027616776053118316,0.0027616776053118316,0.00311611445320938,0.00439453125,0.00439453125
stdm_tune_00_binary,independent_200k,200000,0.004801133314710549,0.004529140030184109,0.006497967979571667,0.03479131720296139,0.016285866124265035
stdm_tune_00_csd,random_200k,200000,0.004796667012809207,0.004534240033848713,0.006485953566426254,0.035739547376864904,0.016232399132885572
stdm_tune_00_csd,grid_low,65536,0.004673419374400997,0.004404188343138591,0.006355725942891653,0.032516891891891934,0.016004665310516402
stdm_tune_00_csd,grid_high,65536,0.0047651947151656875,0.004512713631039239,0.00642461483608609,0.03318808055664423,0.016018240039779606
stdm_tune_00_csd,signed,2000,227389.78667415472,0.0045220595888030195,2974766.235953166,0.02524381408454433,0.01606657881519119
stdm_tune_00_csd,cell_boundaries,2304,0.006322555944300073,0.005825745888246174,0.008819498972221746,0.02965656377456703,0.02044647137576848
stdm_tune_00_csd,diagonal,8414,0.0027616776053118316,0.0027616776053118316,0.00311611445320938,0.00439453125,0.00439453125
stdm_tune_00_csd,independent_200k,200000,0.004801133314710549,0.004529140030184109,0.006497967979571667,0.03479131720296139,0.016285866124265035
stdm_tune_05_binary,random_200k,200000,0.003143305955365865,0.0031394912333956443,0.004003524049677696,0.0162204313196531,0.009941943107159254
stdm_tune_05_binary,grid_low,65536,0.0029018228336497504,0.002892885013365793,0.0036748975058497465,0.014194222383720981,0.008914377432330372
stdm_tune_05_binary,grid_high,65536,0.0031332294791936977,0.003153802668480584,0.003995261441859744,0.014912351479199792,0.009913349898279734
stdm_tune_05_binary,signed,2000,136442.22361743893,0.0032019853131684587,1483744.046653835,0.013241160063856451,0.009869945654656327
stdm_tune_05_binary,cell_boundaries,2304,0.003138733972223793,0.00304161819411727,0.004297788866528564,0.012529183272272279,0.01080743712265215
stdm_tune_05_binary,diagonal,8414,0.0010220015561861185,0.0010220015561861185,0.0015964462060949177,0.00390625,0.00390625
stdm_tune_05_binary,independent_200k,200000,0.003144307926747496,0.003137147606856185,0.004005687226337862,0.017138063036555864,0.010010702417461744
stdm_tune_05_csd,random_200k,200000,0.003143305955365865,0.0031394912333956443,0.004003524049677696,0.0162204313196531,0.009941943107159254
stdm_tune_05_csd,grid_low,65536,0.0029018228336497504,0.002892885013365793,0.0036748975058497465,0.014194222383720981,0.008914377432330372
stdm_tune_05_csd,grid_high,65536,0.0031332294791936977,0.003153802668480584,0.003995261441859744,0.014912351479199792,0.009913349898279734
stdm_tune_05_csd,signed,2000,136442.22361743893,0.0032019853131684587,1483744.046653835,0.013241160063856451,0.009869945654656327
stdm_tune_05_csd,cell_boundaries,2304,0.003138733972223793,0.00304161819411727,0.004297788866528564,0.012529183272272279,0.01080743712265215
stdm_tune_05_csd,diagonal,8414,0.0010220015561861185,0.0010220015561861185,0.0015964462060949177,0.00390625,0.00390625
stdm_tune_05_csd,independent_200k,200000,0.003144307926747496,0.003137147606856185,0.004005687226337862,0.017138063036555864,0.010010702417461744
stdm_input_mask6,random_200k,200000,0.005087274960441342,0.005124699580158523,0.006384121453862561,0.025353320779364922,0.016619131936168673
stdm_input_mask6,grid_low,65536,0.0049111244735992364,0.004934592206862162,0.006155236208939184,0.024176520270270316,0.0158601588628763
stdm_input_mask6,grid_high,65536,0.005099599689183456,0.005166949833490825,0.006394882336257356,0.024977407957139645,0.01685178155574238
stdm_input_mask6,signed,2000,181772.18249958838,0.005141416274475324,1931173.0612219293,0.02504909618097779,0.016203593228963555
stdm_input_mask6,cell_boundaries,2304,0.006370898352678311,0.00614039061665363,0.008888728923227682,0.024658099774053324,0.020880572972885283
stdm_input_mask6,diagonal,8414,0.0010220015561861185,0.0010220015561861185,0.0015964462060949177,0.00390625,0.00390625
stdm_input_mask6,independent_200k,200000,0.005090731911185125,0.005123924720941581,0.006385576183367391,0.0265328216102545,0.01659343812581496
stdm_input_mask6_narrow,random_200k,200000,0.005087274960441342,0.005124699580158523,0.006384121453862561,0.025353320779364922,0.016619131936168673
stdm_input_mask6_narrow,grid_low,65536,0.0049111244735992364,0.004934592206862162,0.006155236208939184,0.024176520270270316,0.0158601588628763
stdm_input_mask6_narrow,grid_high,65536,0.005099599689183456,0.005166949833490825,0.006394882336257356,0.024977407957139645,0.01685178155574238
stdm_input_mask6_narrow,signed,2000,181772.18249958838,0.005141416274475324,1931173.0612219293,0.02504909618097779,0.016203593228963555
stdm_input_mask6_narrow,cell_boundaries,2304,0.006370898352678311,0.00614039061665363,0.008888728923227682,0.024658099774053324,0.020880572972885283
stdm_input_mask6_narrow,diagonal,8414,0.0010220015561861185,0.0010220015561861185,0.0015964462060949177,0.00390625,0.00390625
stdm_input_mask6_narrow,independent_200k,200000,0.005090731911185125,0.005123924720941581,0.006385576183367391,0.0265328216102545,0.01659343812581496
stdm_input_effective17,random_200k,200000,0.005087274960441342,0.005124699580158523,0.006384121453862561,0.025353320779364922,0.016619131936168673
stdm_input_effective17,grid_low,65536,0.0049111244735992364,0.004934592206862162,0.006155236208939184,0.024176520270270316,0.0158601588628763
stdm_input_effective17,grid_high,65536,0.005099599689183456,0.005166949833490825,0.006394882336257356,0.024977407957139645,0.01685178155574238
stdm_input_effective17,signed,2000,181772.18249958838,0.005141416274475324,1931173.0612219293,0.02504909618097779,0.016203593228963555
stdm_input_effective17,cell_boundaries,2304,0.006370898352678311,0.00614039061665363,0.008888728923227682,0.024658099774053324,0.020880572972885283
stdm_input_effective17,diagonal,8414,0.0010220015561861185,0.0010220015561861185,0.0015964462060949177,0.00390625,0.00390625
stdm_input_effective17,independent_200k,200000,0.005090731911185125,0.005123924720941581,0.006385576183367391,0.0265328216102545,0.01659343812581496
stdm_tune_00_midpoint,random_200k,200000,0.004796667012809207,0.004534240033848713,0.006485953566426254,0.035739547376864904,0.016232399132885572
stdm_tune_00_midpoint,grid_low,65536,0.004673419374400997,0.004404188343138591,0.006355725942891653,0.032516891891891934,0.016004665310516402
stdm_tune_00_midpoint,grid_high,65536,0.0047651947151656875,0.004512713631039239,0.00642461483608609,0.03318808055664423,0.016018240039779606
stdm_tune_00_midpoint,signed,2000,227389.78667415472,0.0045220595888030195,2974766.235953166,0.02524381408454433,0.01606657881519119
stdm_tune_00_midpoint,cell_boundaries,2304,0.006322555944300073,0.005825745888246174,0.008819498972221746,0.02965656377456703,0.02044647137576848
stdm_tune_00_midpoint,diagonal,8414,0.0027616776053118316,0.0027616776053118316,0.00311611445320938,0.00439453125,0.00439453125
stdm_tune_00_midpoint,independent_200k,200000,0.004801133314710549,0.004529140030184109,0.006497967979571667,0.03479131720296139,0.016285866124265035
stdm_tune_04_midpoint,random_200k,200000,0.003232568502677899,0.0030331292000319553,0.004577021675752589,0.02678587795561353,0.013289712489968152
stdm_tune_04_midpoint,grid_low,65536,0.003076079793355947,0.0028763840356328873,0.0044644139865818305,0.023466050624847374,0.013005640431836035
stdm_tune_04_midpoint,grid_high,65536,0.0031392847171031746,0.002941614351007293,0.004401133165748303,0.024216447275670266,0.012825611030245819
stdm_tune_04_midpoint,signed,2000,191541.80347320795,0.003080597421746024,2501426.0082370252,0.02005992793908412,0.013080278027908633
stdm_tune_04_midpoint,cell_boundaries,2304,0.003853860992858341,0.003563330811905278,0.0057047178219258275,0.023657133451188417,0.016027735846369903
stdm_tune_04_midpoint,diagonal,8414,0.0027616776053118316,0.0027616776053118316,0.00311611445320938,0.00439453125,0.00439453125
stdm_tune_04_midpoint,independent_200k,200000,0.0032307468368015066,0.0030293223318214853,0.004575565019873478,0.026490524463308716,0.013143666533282089
stdm_tune_05_midpoint,random_200k,200000,0.003143305955365865,0.0031394912333956443,0.004003524049677696,0.0162204313196531,0.009941943107159254
stdm_tune_05_midpoint,grid_low,65536,0.0029018228336497504,0.002892885013365793,0.0036748975058497465,0.014194222383720981,0.008914377432330372
stdm_tune_05_midpoint,grid_high,65536,0.0031332294791936977,0.003153802668480584,0.003995261441859744,0.014912351479199792,0.009913349898279734
stdm_tune_05_midpoint,signed,2000,136442.22361743893,0.0032019853131684587,1483744.046653835,0.013241160063856451,0.009869945654656327
stdm_tune_05_midpoint,cell_boundaries,2304,0.003138733972223793,0.00304161819411727,0.004297788866528564,0.012529183272272279,0.01080743712265215
stdm_tune_05_midpoint,diagonal,8414,0.0010220015561861185,0.0010220015561861185,0.0015964462060949177,0.00390625,0.00390625
stdm_tune_05_midpoint,independent_200k,200000,0.003144307926747496,0.003137147606856185,0.004005687226337862,0.017138063036555864,0.010010702417461744
