design,cases,rmse,mred,mae,max_relative,max_csv_delta
pace_z_l1_d0,100000,0.04522244277842796,0.02618161716454453,0.028310514456824268,0.12454696633194894,3.191891195797325e-16
pace_z_l1_d4,100000,0.04522258230125393,0.026181538323175914,0.02831052253839765,0.12454588985849302,4.2674197509029455e-16
pace_z_l1_d8,100000,0.045225049838762375,0.026180410233059455,0.02831083646413348,0.12453871336878694,1.5265566588595902e-16
pace_z_l1_d12,100000,0.04526489030013506,0.026164298388876274,0.02831762018361512,0.12435499523231107,3.7470027081099033e-16
pace_z_l1_d14,100000,0.04539881881430542,0.026130242808973723,0.028356100666225945,0.12435499523231107,9.71445146547012e-17
pace_z_l1_d15,100000,0.045581995208419025,0.026111137127730034,0.028432158663963064,0.12485334143650734,1.0755285551056204e-16
pace_z_l1_d16,100000,0.0459887132444709,0.026156121592787313,0.028665667953475648,0.12613952862469474,1.700029006457271e-16
pace_z_l1_d17,100000,0.04691331612274696,0.02651409140525975,0.02938399629955114,0.1277933638057016,3.7816971776294395e-16
pace_z_l1_d18,100000,0.04923218158502623,0.028007703509320244,0.03154714116238162,0.13367340854409013,2.914335439641036e-16
pace_z_l2_d0,100000,0.02234211700567366,0.014989982089724015,0.015214371355194746,0.09255372676116021,9.194034422677078e-17
pace_z_l2_d4,100000,0.022342165428562412,0.014989849728970672,0.015214325192788074,0.09255289395411972,2.3071822230491534e-16
pace_z_l2_d8,100000,0.02234315782550729,0.014987823113786557,0.015213754197680665,0.09253623781331005,1.97758476261356e-16
pace_z_l2_d12,100000,0.022360012344385435,0.014958353022758051,0.015207524780607743,0.09242963851212815,1.1449174941446927e-16
pace_z_l2_d14,100000,0.022425084143702173,0.014886967994946064,0.015209902858250584,0.09218173442687276,2.237793284010081e-16
pace_z_l2_d15,100000,0.02253051555639807,0.014832818706127264,0.01525239518445343,0.09218173442687276,1.491862189340054e-16
pace_z_l2_d16,100000,0.022823937550544106,0.014846306434811208,0.01545918462610157,0.09157684410267294,1.2836953722228372e-16
pace_z_l2_d17,100000,0.02367708078289178,0.015200845417770698,0.016184284806045793,0.09157684410267294,1.457167719820518e-16
pace_z_l2_d18,100000,0.02636960850176502,0.0169477751028669,0.01857335023079955,0.09157684410267294,2.0122792321330962e-16
pace_z_l3_d0,100000,0.009186388234397781,0.005595961018913445,0.00589400394432003,0.24037140393534565,1.1102230246251565e-16
pace_z_l3_d4,100000,0.009186308460849174,0.005595883216501937,0.005893949194651323,0.2403712855670861,1.3877787807814457e-16
pace_z_l3_d8,100000,0.009184880718740858,0.005594574306934766,0.00589303529169785,0.2403646569445516,1.1102230246251565e-16
pace_z_l3_d12,100000,0.009164195621035242,0.005579211447055816,0.005884071993719895,0.24025694182836632,1.3877787807814457e-16
pace_z_l3_d14,100000,0.009124260347322475,0.005579725497139293,0.00590413375773343,0.24025694182836632,1.3877787807814457e-16
pace_z_l3_d15,100000,0.009129243226088228,0.005664149800425324,0.006011900144527417,0.24025694182836632,1.3877787807814457e-16
pace_z_l3_d16,100000,0.009350274824308778,0.006031241559758434,0.006420839854100854,0.2394140222463605,8.326672684688674e-17
pace_z_l3_d17,100000,0.010514007708797414,0.007300737797384553,0.00774856264791499,0.23744414887066023,5.551115123125783e-17
pace_z_l3_d18,100000,0.014941455914938702,0.011208898598488882,0.011656078837973127,0.23744414887066023,8.673617379884035e-17
pace_z_l4_d0,100000,0.00593765326860646,0.0038028569111263452,0.0038530492369118923,0.24037140393534565,1.1102230246251565e-16
pace_z_l4_d4,100000,0.005937474651151461,0.0038027171281174816,0.0038529297731778145,0.2403712855670861,1.3877787807814457e-16
pace_z_l4_d8,100000,0.005934206013298105,0.0038002512041774923,0.0038508036588255747,0.2403646569445516,1.1102230246251565e-16
pace_z_l4_d12,100000,0.005885794567467903,0.003768622836608466,0.0038247779455943525,0.24025694182836632,1.3877787807814457e-16
pace_z_l4_d14,100000,0.005766619513658709,0.0037327884093439224,0.0038059368102244325,0.24025694182836632,1.3877787807814457e-16
pace_z_l4_d15,100000,0.005705538640932147,0.0037975560924135418,0.003892804134534803,0.24025694182836632,1.3877787807814457e-16
pace_z_l4_d16,100000,0.005912331691596478,0.004189525640938453,0.004322302774396448,0.2394140222463605,8.326672684688674e-17
pace_z_l4_d17,100000,0.007408506722028974,0.005664516383180665,0.005836176207874212,0.23744414887066023,5.551115123125783e-17
pace_z_l4_d18,100000,0.012710335011197976,0.01011685564365741,0.010260714558119501,0.23744414887066023,5.551115123125783e-17
input_div_b3_bias0,100000,0.0439913805802101,0.03387015596082422,0.03463712412463623,0.1406471359897211,5.551115123125783e-17
input_div_b5_bias0,100000,0.011068004778542731,0.008730834827663575,0.008796785203862303,0.038710640853494106,6.938893903907228e-17
input_div_b7_bias0,100000,0.0027671959535709324,0.0021989632288678504,0.0022056032858711627,0.010527897536756996,7.112366251504909e-17
input_div_b3_bias1,100000,0.04278811294691637,0.03275183358294685,0.033724003530966516,0.13103996848765115,2.7755575615628914e-17
input_div_b5_bias1,100000,0.010768231542776792,0.008273872638952011,0.008488841838318517,0.035247646077871016,6.938893903907228e-17
input_div_b7_bias1,100000,0.0026900656604035666,0.0020705264478002383,0.0021217052038359384,0.00902615893494625,5.204170427930421e-18
oadm_div_l0,100000,0.05642904433174937,0.0426847334119081,0.04228467560153761,0.311724751201149,0.0
oadm_div_l1,100000,0.01610807441407574,0.010744290622541598,0.011346461575604415,0.0899400336790869,6.938893903907228e-17
oadm_div_l2,100000,0.0052869101122308,0.0036413991796571503,0.003805300516025553,0.029231251009329506,2.7755575615628914e-17
oadm_div_l3,100000,0.003464444928480291,0.0027890733509097466,0.002751473907062568,0.015964165580673668,4.85722573273506e-17
