dataset,design,mode,count,mred_pct,rmse,signed_mean,max_re_pct,p99_re_pct,exact_fraction
uniform,input_mul_b3_half0,MUL,200000,8.349399111942986,0.20117131699176763,-0.18367413116350684,20.963476765292093,16.469139704954134,0.0
uniform,input_div_realquot_b3_half0,DIV,200000,3.093801528910505,0.04199432259418729,0.0031344280454283,12.380584270087915,9.383561642672484,0.0
uniform,input_div_shortquot_b3_half0,DIV,200000,3.4014861129751064,0.044191150811772224,-0.00782821127705477,13.917393127822056,10.237232473965037,0.0
uniform,input_mul_b3_half1,MUL,200000,2.9360977499012,0.07796113171357139,-5.1513976006856484e-05,12.418471774636663,8.568736574729293,0.0
uniform,input_div_realquot_b3_half1,DIV,200000,2.9368843843159906,0.03925177247060857,-0.0006275585089989309,12.119208130422045,8.48810476753814,0.0
uniform,input_div_shortquot_b3_half1,DIV,200000,3.2913549641004964,0.042994823435549265,-0.014745867527054772,12.947274810840051,9.671357962508175,0.0
uniform,input_mul_b3_nearest,MUL,200000,2.9342779319593584,0.07811106235292291,0.0002844625864931435,11.875006670120346,8.418717998510797,0.0
uniform,input_div_b3_nearest,DIV,200000,2.9296410376895183,0.03924137924365151,0.0012777257269134816,12.105008637281129,8.459926297883378,0.0
uniform,input_mul_b5_half0,MUL,200000,2.143854122968306,0.05093530346370439,-0.046608442686944355,5.777568919307971,4.367116986303843,0.0
uniform,input_div_realquot_b5_half0,DIV,200000,0.7704428440102589,0.010463089267723076,0.0008307119883111452,3.098120423514162,2.3315334664500886,0.0
uniform,input_div_shortquot_b5_half0,DIV,200000,0.872848424509123,0.01107273131533123,-0.0027297347145547705,4.036343548117887,2.702619426248873,0.0
uniform,input_mul_b5_half1,MUL,200000,0.7353659897519871,0.019520089838349776,2.976287946189352e-05,2.885988861316153,2.115460856549663,0.0
uniform,input_div_realquot_b5_half1,DIV,200000,0.7346218632807348,0.009799635557858167,-7.720723905269965e-05,2.85096943339021,2.1045635649514614,0.0
uniform,input_div_shortquot_b5_half1,DIV,200000,0.8284884856646827,0.010787633310106607,-0.0038785628395547702,3.5142296025808437,2.481165836056078,0.0
uniform,input_mul_b5_nearest,MUL,200000,0.7335437004504851,0.01947896842842236,-4.275421038185648e-05,2.8921582604462817,2.1122174455372247,0.0
uniform,input_div_b5_nearest,DIV,200000,0.7331722068432103,0.009805211661341457,0.0001507231133274532,2.975738463264096,2.1039087248569244,0.0
uniform,input_mul_b7_half0,MUL,200000,0.5401467798637273,0.012779145961199976,-0.011701371764092791,1.5056801640461712,1.115167946603676,0.0
uniform,input_div_realquot_b7_half0,DIV,200000,0.19139841163874163,0.0026097410820269075,0.0002292999859665553,0.7577916574788685,0.5833441004128762,0.0
uniform,input_div_shortquot_b7_half0,DIV,200000,0.21868204129783486,0.002758696217794925,-0.000721394870804771,1.0794961015446851,0.6905682513330826,0.0
uniform,input_mul_b7_half1,MUL,200000,0.18387620234186688,0.004886361332078455,3.8641367861122685e-06,0.7436266161204103,0.5280790423662192,0.0
uniform,input_div_realquot_b7_half1,DIV,200000,0.18249427917529926,0.0024404114444178896,4.840678359680211e-06,0.7382943331569048,0.5264213423650554,0.0
uniform,input_div_shortquot_b7_half1,DIV,200000,0.20620162494213345,0.002686605863995436,-0.0009675472145547711,0.9232512649624843,0.6248570310325581,0.0
uniform,input_mul_b7_nearest,MUL,200000,0.18385567950704665,0.004877586163198623,-1.456817522560648e-05,0.73689390455178,0.5298528199558986,0.0
uniform,input_div_b7_nearest,DIV,200000,0.18288399715812562,0.002449085476209306,-3.519400089798118e-06,0.7485470009274265,0.5274529108899731,0.0
uniform,input_mul_b9_half0,MUL,200000,0.13527274928891556,0.003198998012321876,-0.0029301163090757042,0.3662630178740383,0.2796011643088733,0.0
uniform,input_div_realquot_b9_half0,DIV,200000,0.048125133870727664,0.0006541215156821443,5.600112541211309e-05,0.1938592828662705,0.14600073242345477,0.0
uniform,input_div_shortquot_b9_half0,DIV,200000,0.055165643407315966,0.0006925288161706437,-0.00018590414814852093,0.26484676139419505,0.1754339024800132,0.0
uniform,input_mul_b9_half1,MUL,200000,0.04588897185267246,0.0012190064266754635,-9.477223447471061e-07,0.1860497018829698,0.1317694058989755,0.0
uniform,input_div_realquot_b9_half1,DIV,200000,0.04591499129677371,0.000612690678112751,6.9342934885106e-08,0.1875218107211282,0.13236712944570145,0.0
uniform,input_div_shortquot_b9_half1,DIV,200000,0.05180703124495331,0.0006741106650071368,-0.0002440828590860209,0.23176309064730619,0.15692127340468714,0.0
uniform,input_mul_b9_nearest,MUL,200000,0.04581181083734649,0.0012168254534905894,1.676980108866175e-06,0.18702310990037563,0.13210140602934362,0.0
uniform,input_div_b9_nearest,DIV,200000,0.04582310352902517,0.0006140092145326338,-6.476726354614987e-07,0.18029092015111478,0.13132810198829442,0.0
uniform,OAM_ideal_L0,MUL,200000,3.1282707370059413,0.08349153558144608,0.00033126700952733465,24.686815880597923,15.907451224952032,0.0
uniform,OAD_ideal_L0,DIV,200000,4.367530287875851,0.06989075572895849,-0.039968902674642225,33.11357150635625,23.20636319192389,0.0
uniform,OAM_ideal_L1,MUL,200000,0.7586353345679299,0.020845849752105048,5.7964801789173564e-05,6.1197130886034605,3.3829054069388804,0.0
uniform,OAD_ideal_L1,DIV,200000,1.1535296106278525,0.020350987242876675,-0.01117617273532128,9.930367233404976,5.917088703015249,0.0
uniform,OAM_ideal_L2,MUL,200000,0.1886491370933629,0.005221531520124796,2.7818625428766806e-06,1.5040567143904509,0.8049147744700305,0.0
uniform,OAD_ideal_L2,DIV,200000,0.2934780727362433,0.005379812141498265,-0.002893333269908525,2.6506351471709078,1.5635881321250773,0.0
uniform,OAM_ideal_L3,MUL,200000,0.047138602763592115,0.0013071254595136159,1.280181371519049e-06,0.3632022827300012,0.19724802417421944,5e-06
uniform,OAD_ideal_L3,DIV,200000,0.07393820508066776,0.0013675913244534208,-0.0007331267726849532,0.6930565192519093,0.39377934815983523,5e-06
uniform,PLSAD_ideal_8planes,DIV,200000,0.8218530072924304,0.01242102105715956,0.0013481223830188074,4.95550612121268,3.317833003862715,0.0
uniform,Mitchell_ideal,MUL,200000,3.854059675548381,0.10556885294607844,-0.0834717646463207,11.102658385932504,10.509873826342723,0.0
uniform,Mitchell_ideal,DIV,200000,4.0935255598494384,0.05853662066963612,0.04354382189549306,12.48948179979852,11.730450448128309,0.0
uniform,FPD2D_unquantized_LP_2x4,DIV,200000,0.41401602567170853,0.006757111952849358,-0.0016557606522732205,3.597331216044136,1.9953837824224583,0.0
uniform,FPD2D_unquantized_LP_2x8,DIV,200000,0.19342458232685245,0.003024638488438509,-0.00044980827146376455,1.657821547200676,0.8370322621926188,0.0
uniform,FPD2D_unquantized_LP_4x8,DIV,200000,0.10461808132071317,0.0016907075191972972,-0.00042266081398992673,0.9828847748667635,0.5118958566549728,0.0
uniform,FPD2D_unquantized_LP_8x8,DIV,200000,0.0659141516072256,0.0011091219266875234,-0.000311923998917896,0.6275102574406369,0.336075358926452,0.0
grid8,input_mul_b3_half0,MUL,65536,8.103880186248096,0.19556541176150413,-0.17773818969726562,20.43608639172504,16.20294599018003,0.0009765625
grid8,input_div_realquot_b3_half0,DIV,65536,3.0796424681603125,0.041701641673287715,0.0028907021091763496,12.109375000000009,9.346572211518907,0.0078125
grid8,input_div_shortquot_b3_half0,DIV,65536,3.381174381212522,0.043956761361028926,-0.008093051550358561,13.937282229965156,10.202939411952492,0.00537109375
grid8,input_mul_b3_half1,MUL,65536,2.9592761518333055,0.0780284497328282,0.005855560302734375,12.890625,8.75,0.00103759765625
grid8,input_div_realquot_b3_half1,DIV,65536,2.9376457881148803,0.03921306242303321,-0.0008405017355534887,12.109375,8.479677357386342,0.00482177734375
grid8,input_div_shortquot_b3_half1,DIV,65536,3.2801558083530717,0.04300518060457522,-0.01492898905035856,12.891986062717766,9.650088028169009,0.0048675537109375
grid8,input_mul_b3_nearest,MUL,65536,2.9366635886064816,0.07797362182932911,0.0,11.418685121107266,8.423529411764706,0.0009765625
grid8,input_div_b3_nearest,DIV,65536,2.9393594399946714,0.03936404260961505,0.0015945246334944808,12.08791208791209,8.495930979897409,0.0076904296875
grid8,input_mul_b5_half0,MUL,65536,1.8810334113137668,0.04546035086937027,-0.040775299072265625,5.252352932672151,4.059782567803067,0.015625
grid8,input_div_realquot_b5_half0,DIV,65536,0.7564100930164923,0.010262165243159807,0.0007462810368078108,2.7343750000000098,2.272727272727276,0.020172119140625
grid8,input_div_shortquot_b5_half0,DIV,65536,0.8569851725827549,0.010902646054188173,-0.0028135105347335577,3.82604562737642,2.6516806166503724,0.005340576171875
grid8,input_mul_b5_half1,MUL,65536,0.7620890905212943,0.020194511566014532,0.005855560302734375,3.1494140625,2.279283016708629,0.015777587890625
grid8,input_div_realquot_b5_half1,DIV,65536,0.7293116432936051,0.00975328578146837,-0.00015632855402189115,2.734375000000001,2.0905445615811424,0.01904296875
grid8,input_div_shortquot_b5_half1,DIV,65536,0.8203756627266717,0.010772641658328672,-0.003965549108952308,3.3269961977186284,2.4370438087819526,0.0045928955078125
grid8,input_mul_b5_nearest,MUL,65536,0.7432477274452963,0.019766100420247616,0.0,3.0532544378698225,2.168623717338411,0.015625
grid8,input_div_b5_nearest,DIV,65536,0.7432913670683309,0.009956335302548077,0.0001242604102787889,3.078358208955235,2.1692508828524004,0.01971435546875
grid8,input_mul_b7_half0,MUL,65536,0.2705765950869177,0.007251983309384258,-0.005847930908203125,0.7766960892670592,0.6869155011172722,0.25
grid8,input_div_realquot_b7_half0,DIV,65536,0.15112953744173765,0.0021751217881254324,0.00010959707216238261,0.39062500000000944,0.38314176245211573,0.251953125
grid8,input_div_shortquot_b7_half0,DIV,65536,0.19163397448694597,0.0023992958820505603,-0.0008401199555099252,0.7311320754717018,0.5674298094720762,0.0089111328125
grid8,input_mul_b7_half1,MUL,65536,0.2717093615919268,0.0072581369835123056,0.005855560302734375,0.78277587890625,0.6916666666666667,0.25
grid8,input_div_realquot_b7_half1,DIV,65536,0.15112953744173765,0.002175553086361373,-0.00011342294519232503,0.3906250000000177,0.38314176245211373,0.251953125
grid8,input_div_shortquot_b7_half1,DIV,65536,0.18854630758595292,0.002491728817171122,-0.0010842605805099252,0.5791505791505791,0.4974048442906608,0.00518798828125
grid8,input_mul_b7_nearest,MUL,65536,0.21082983143672637,0.0059594362516435994,0.0,0.7766960892670592,0.657832035376245,0.25
grid8,input_div_b7_nearest,DIV,65536,0.21082884089358017,0.0030009855067680627,1.2857471642613034e-05,0.7782335907335935,0.6578751915439216,0.251953125
grid8,input_mul_b9_half0,MUL,65536,0.0,0.0,0.0,0.0,0.0,1.0
grid8,input_div_realquot_b9_half0,DIV,65536,0.0,0.0,0.0,0.0,0.0,1.0
grid8,input_div_shortquot_b9_half0,DIV,65536,0.025037695549686285,0.0002791307511178135,-0.00024052703139188316,0.09313163610037907,0.07041037619650961,0.0151519775390625
grid8,input_mul_b9_half1,MUL,65536,0.13561717872644963,0.0029538545192421585,0.0029268264770507812,0.19540786743164062,0.1831004697006126,0.0
grid8,input_div_realquot_b9_half1,DIV,65536,0.01554823206918771,0.00023074423241772516,-5.569838504287892e-05,0.04870874083130806,0.04396412175813853,0.00390625
grid8,input_div_shortquot_b9_half1,DIV,65536,0.027819653308578725,0.0003983652616656219,-0.0002986043071449044,0.07197771414342134,0.061369010836382354,0.00701904296875
grid8,input_mul_b9_nearest,MUL,65536,0.0,0.0,0.0,0.0,0.0,1.0
grid8,input_div_b9_nearest,DIV,65536,0.0,0.0,0.0,0.0,0.0,1.0
grid8,OAM_ideal_L0,MUL,65536,3.1386914058019744,0.08333587646484375,-3.814697265625e-06,25.0,16.137993769617026,0.0077972412109375
grid8,OAD_ideal_L0,DIV,65536,4.35408448133898,0.06985964404766232,-0.03983133280035856,32.94372558593749,23.125000000000007,0.0077972412109375
grid8,OAM_ideal_L1,MUL,65536,0.7631025283698636,0.02083587646484375,-3.814697265625e-06,6.25,3.4220532319391634,0.01556396484375
grid8,OAD_ideal_L1,DIV,65536,1.153147201764171,0.02036404617266532,-0.011183373616685088,9.766845703124998,5.87732388066919,0.012237548828125
grid8,OAM_ideal_L2,MUL,65536,0.1892623209694783,0.00521087646484375,-3.814697265625e-06,1.5625,0.8070783762778742,0.031005859375
grid8,OAD_ideal_L2,DIV,65536,0.29337524353571925,0.00538477401762866,-0.002899734225403339,2.648925781249996,1.5428240740740755,0.02044677734375
grid8,OAM_ideal_L3,MUL,65536,0.04721746951531115,0.00130462646484375,-3.814697265625e-06,0.390625,0.19962736225712005,0.0615234375
grid8,OAD_ideal_L3,DIV,65536,0.07365327298365476,0.0013686562555854172,-0.0007318285307716958,0.6677964154411807,0.39036913637441417,0.03509521484375
grid8,PLSAD_ideal_8planes,DIV,65536,0.8150802541983381,0.012208223245291553,0.0011690334105789418,4.8603057861328125,3.2903185309673773,0.0042572021484375
grid8,Mitchell_ideal,MUL,65536,3.848730994180833,0.10541126579881452,-0.08333206176757812,11.11111111111111,10.513344586458972,0.0077972412109375
grid8,Mitchell_ideal,DIV,65536,4.101745192253648,0.05840358740166477,0.043500728967219564,12.500000000000005,11.748505509022337,0.0077972412109375
grid8,FPD2D_unquantized_LP_2x4,DIV,65536,0.4143951130876551,0.006790252708750804,-0.0016747543488247537,3.589190124834649,1.9841350467429435,0.0
grid8,FPD2D_unquantized_LP_2x8,DIV,65536,0.19312502619895575,0.003037726035801239,-0.00048250706642406923,1.5893849271361875,0.83628691555385,3.0517578125e-05
grid8,FPD2D_unquantized_LP_4x8,DIV,65536,0.10424816293578779,0.0016941187623447235,-0.00042726889518565446,0.9425757909529615,0.5054194387744269,3.0517578125e-05
grid8,FPD2D_unquantized_LP_8x8,DIV,65536,0.06560560517448873,0.0011068899409521638,-0.0003104783834817201,0.6019958147229979,0.3319118749679593,1.52587890625e-05
diagonal,input_mul_b3_half0,MUL,200000,8.27567958533313,0.21819078585801424,-0.18479008119625628,20.986616127028935,19.545242487957054,0.0
diagonal,input_div_realquot_b3_half0,DIV,200000,0.0,0.0,0.0,0.0,0.0,1.0
diagonal,input_div_shortquot_b3_half0,DIV,200000,0.0,0.0,0.0,0.0,0.0,1.0
diagonal,input_mul_b3_half1,MUL,200000,4.340131546377053,0.11030612459515682,-0.0011619561962563163,12.88962914335967,11.061359772743835,0.0
diagonal,input_div_realquot_b3_half1,DIV,200000,0.0,0.0,0.0,0.0,0.0,1.0
diagonal,input_div_shortquot_b3_half1,DIV,200000,0.0,0.0,0.0,0.0,0.0,1.0
diagonal,input_mul_b3_nearest,MUL,200000,4.325717826740009,0.11020398843752066,0.0025458563037436843,12.106399770085401,10.805825717102305,0.0
diagonal,input_div_b3_nearest,DIV,200000,0.0,0.0,0.0,0.0,0.0,1.0
diagonal,input_mul_b5_half0,MUL,200000,2.141990914021613,0.05505015980354732,-0.04675992006344382,5.967800413937759,5.273620252103075,0.0
diagonal,input_div_realquot_b5_half0,DIV,200000,0.0,0.0,0.0,0.0,0.0,1.0
diagonal,input_div_shortquot_b5_half0,DIV,200000,0.0,0.0,0.0,0.0,0.0,1.0
diagonal,input_mul_b5_half1,MUL,200000,1.0851255810255442,0.027595753180102454,-0.00012255189938131602,3.148504137260945,2.7154799068510087,0.0
diagonal,input_div_realquot_b5_half1,DIV,200000,0.0,0.0,0.0,0.0,0.0,1.0
diagonal,input_div_shortquot_b5_half1,DIV,200000,0.0,0.0,0.0,0.0,0.0,1.0
diagonal,input_mul_b5_nearest,MUL,200000,1.0805928454732836,0.027523159838729473,0.00022620786624368399,3.100422295704078,2.7144992498522016,0.0
diagonal,input_div_b5_nearest,DIV,200000,0.0,0.0,0.0,0.0,0.0,1.0
diagonal,input_mul_b7_half0,MUL,200000,0.5390034307269189,0.013758692573327624,-0.011695167561002409,1.5440988418548367,1.3469759733866264,5e-06
diagonal,input_div_realquot_b7_half0,DIV,200000,0.0,0.0,0.0,0.0,0.0,1.0
diagonal,input_div_shortquot_b7_half0,DIV,200000,0.0,0.0,0.0,0.0,0.0,1.0
diagonal,input_mul_b7_half1,MUL,200000,0.27036410038813413,0.00688613320246845,1.0066508821808995e-05,0.7818868307980499,0.6788222867123992,1.5e-05
diagonal,input_div_realquot_b7_half1,DIV,200000,0.0,0.0,0.0,0.0,0.0,1.0
diagonal,input_div_shortquot_b7_half1,DIV,200000,0.0,0.0,0.0,0.0,0.0,1.0
diagonal,input_mul_b7_nearest,MUL,200000,0.2710536104503811,0.006891386843741229,-1.5576801725066006e-05,0.7795087361526124,0.6786186259348929,5e-06
diagonal,input_div_b7_nearest,DIV,200000,0.0,0.0,0.0,0.0,0.0,1.0
diagonal,input_mul_b9_half0,MUL,200000,0.13520522300598328,0.003446580708116929,-0.002929571991391814,0.3881561991346811,0.33942099421775224,8.5e-05
diagonal,input_div_realquot_b9_half0,DIV,200000,0.0,0.0,0.0,0.0,0.0,1.0
diagonal,input_div_shortquot_b9_half0,DIV,200000,0.0,0.0,0.0,0.0,0.0,1.0
diagonal,input_mul_b9_half1,MUL,200000,0.06784903256714964,0.0017246045554028817,-4.131893593433489e-07,0.19502676987031148,0.1699917933825418,5e-05
diagonal,input_div_realquot_b9_half1,DIV,200000,0.0,0.0,0.0,0.0,0.0,1.0
diagonal,input_div_shortquot_b9_half1,DIV,200000,0.0,0.0,0.0,0.0,0.0,1.0
diagonal,input_mul_b9_nearest,MUL,200000,0.06750530084610538,0.0017205970923475085,6.29882387482823e-07,0.19495545330691447,0.16981140397648972,8.5e-05
diagonal,input_div_b9_nearest,DIV,200000,0.0,0.0,0.0,0.0,0.0,1.0
diagonal,OAM_ideal_L0,MUL,200000,4.547150201483137,0.11177018173197067,-0.08326744960529389,24.999338395738437,23.542716935347503,0.0
diagonal,OAD_ideal_L0,DIV,200000,0.0,0.0,0.0,0.0,0.0,1.0
diagonal,OAM_ideal_L1,MUL,200000,1.0694665372201329,0.027966295997956706,-0.02084842978728596,6.249724332773589,5.648876281508919,0.0
diagonal,OAD_ideal_L1,DIV,200000,0.0,0.0,0.0,0.0,0.0,1.0
diagonal,OAM_ideal_L2,MUL,200000,0.262687875745486,0.006996452737705907,-0.005215701494194901,1.5623759508424298,1.297464129281726,0.0
diagonal,OAD_ideal_L2,DIV,200000,0.0,0.0,0.0,0.0,0.0,1.0
diagonal,OAM_ideal_L3,MUL,200000,0.06526729373735392,0.0017485430102276542,-0.0013036020058918366,0.3905664222646671,0.29645073623763346,0.0
diagonal,OAD_ideal_L3,DIV,200000,0.0,0.0,0.0,0.0,0.0,1.0
diagonal,PLSAD_ideal_8planes,DIV,200000,0.7801002124585211,0.009815645920666654,-0.002438860804848373,3.1248152256011963,2.8717439472675363,0.0
diagonal,Mitchell_ideal,MUL,200000,3.8390817218428395,0.11189493393249482,-0.083429409969278,11.111054597077546,10.91502938517919,0.0
diagonal,Mitchell_ideal,DIV,200000,0.0,0.0,0.0,0.0,0.0,1.0
diagonal,FPD2D_unquantized_LP_2x4,DIV,200000,0.3891047532386819,0.004785295124384857,0.0011256354666444887,1.2024658430037638,1.1226608047161415,0.0
diagonal,FPD2D_unquantized_LP_2x8,DIV,200000,0.19030812324210233,0.0026444684269549103,0.00021459845677442523,0.8767860183869658,0.7956907765283205,0.0
diagonal,FPD2D_unquantized_LP_4x8,DIV,200000,0.09890491424743618,0.001237732811834989,0.0002707031832212386,0.36441161465421423,0.33124836017865067,0.0
diagonal,FPD2D_unquantized_LP_8x8,DIV,200000,0.03488246279019057,0.00037655466728182433,0.0003488246279019057,0.06592358539538878,0.06535905730665714,0.0
near_diagonal,input_mul_b3_half0,MUL,200000,8.27565159902968,0.21818125340426534,-0.1847901601683117,20.986431925555344,19.54456303437741,0.0
near_diagonal,input_div_realquot_b3_half0,DIV,200000,0.002146927216924574,0.000968361650855478,-3.228369910839718e-07,11.109905470474306,0.0015110082350578936,0.0
near_diagonal,input_div_shortquot_b3_half0,DIV,200000,0.0023540773171915855,0.001146003124961214,-2.3943175938145754e-06,12.49893188425631,0.0015110082350578936,0.0
near_diagonal,input_mul_b3_half1,MUL,200000,4.339015530209997,0.11028577280157784,-0.0011610195433117575,12.887906618202493,11.05985585165346,0.0
near_diagonal,input_div_realquot_b3_half1,DIV,200000,0.0021020180010667936,0.0009274312454871947,1.2625032588323926e-07,10.525102216990579,0.0015110082350578936,0.0
near_diagonal,input_div_shortquot_b3_half1,DIV,200000,0.0023540773171915855,0.001146003124961214,-2.3943175938145754e-06,12.49893188425631,0.0015110082350578936,0.0
near_diagonal,input_mul_b3_nearest,MUL,200000,4.324439800303388,0.11018190236469395,0.002547886706688243,12.104789840362036,10.803228949278628,0.0
near_diagonal,input_div_b3_nearest,DIV,200000,0.0023160386375404105,0.0010659206057198332,-2.014478682725665e-06,11.109834549943507,0.0015110205320401223,0.0
near_diagonal,input_mul_b5_half0,MUL,200000,2.142006396475107,0.05504271662452017,-0.046761371105811765,5.967213432194672,5.271050299062425,0.0
near_diagonal,input_div_realquot_b5_half0,DIV,200000,0.002098654693413391,0.0004867656954012223,1.5237214147539424e-07,3.028868220268182,0.00151136052096344,0.0
near_diagonal,input_div_shortquot_b5_half0,DIV,200000,0.0022947319203576624,0.0005736980596478411,-1.8083800938145755e-06,3.123873754306414,0.00151136052096344,0.0
near_diagonal,input_mul_b5_half1,MUL,200000,1.0840784381404518,0.027577275186622393,-0.00012377100815550712,3.1469302469518894,2.7137121119869874,0.0
near_diagonal,input_div_realquot_b5_half1,DIV,200000,0.0020869396794706034,0.0004811027786163536,2.695209340230448e-07,2.983639147609725,0.00151136052096344,0.0
near_diagonal,input_div_shortquot_b5_half1,DIV,200000,0.0022947319203576624,0.0005736980596478411,-1.8083800938145755e-06,3.123873754306414,0.00151136052096344,0.0
near_diagonal,input_mul_b5_nearest,MUL,200000,1.0794904424307563,0.02750322130939029,0.0002260068238757429,3.098873335538411,2.711298509164894,0.0
near_diagonal,input_div_b5_nearest,DIV,200000,0.0021524001424701455,0.0004997319735889977,-3.857235857788166e-07,3.0288461521361345,0.0015113845840815368,0.0
near_diagonal,input_mul_b7_half0,MUL,200000,0.5390215204611548,0.013750358312703076,-0.011696235607764881,1.5425848529004673,1.34560319131144,0.0
near_diagonal,input_div_realquot_b7_half0,DIV,200000,0.002092769632262056,0.0002433483847111312,1.80800385689176e-07,0.7736914827543099,0.0015135927869121223,0.0
near_diagonal,input_div_shortquot_b7_half0,DIV,200000,0.0022965725526340225,0.00028820307699416945,-1.8572082188145756e-06,0.7801100724581076,0.0015135927869121223,0.0
near_diagonal,input_mul_b7_half1,MUL,200000,0.26932020607402507,0.006867056033366464,9.056292869883507e-06,0.7803490514929784,0.6770263309788365,0.0
near_diagonal,input_div_realquot_b7_half1,DIV,200000,0.002089811679578876,0.0002426287382340676,2.1037956978959438e-07,0.7706984111894769,0.0015135927869121223,0.0
near_diagonal,input_div_shortquot_b7_half1,DIV,200000,0.0022965725526340225,0.00028820307699416945,-1.8572082188145756e-06,0.7801100724581076,0.0015135927869121223,0.0
near_diagonal,input_mul_b7_nearest,MUL,200000,0.27006239385398617,0.0068734027974186275,-1.773554672972587e-05,0.7779769713594895,0.6770729960045134,0.0
near_diagonal,input_div_b7_nearest,DIV,200000,0.0020484936236731086,0.00023892095110471492,6.251804603599908e-07,0.773685634831467,0.0015133908010423725,0.0
near_diagonal,input_mul_b9_half0,MUL,200000,0.13520966224174732,0.003437661398143707,-0.0029301960073925674,0.3879428644212852,0.33798830798280405,0.0
near_diagonal,input_div_realquot_b9_half0,DIV,200000,0.002094030947450763,0.00012203441639682665,4.425401854787459e-08,0.19341182789348169,0.0015225208856903978,0.0
near_diagonal,input_div_shortquot_b9_half0,DIV,200000,0.0023037105381403648,0.00014490255157119294,-2.0525207188145757e-06,0.19416920029116644,0.0015225208856903978,0.0
near_diagonal,input_mul_b9_half1,MUL,200000,0.0668028651750877,0.001705224476452411,-1.022537849110634e-06,0.19350091855271656,0.16847346002133493,0.0
near_diagonal,input_div_realquot_b9_half1,DIV,200000,0.0020932809655133805,0.00012194408701076557,5.1753751122182165e-08,0.19322201801759872,0.0015225208856903978,0.0
near_diagonal,input_div_shortquot_b9_half1,DIV,200000,0.0023037105381403648,0.00014490255157119294,-2.0525207188145757e-06,0.19416920029116644,0.0015225208856903978,0.0
near_diagonal,input_mul_b9_nearest,MUL,200000,0.06643727790215134,0.0016999404035543406,1.099959709483116e-06,0.1934815566196042,0.16827249120080912,0.0
near_diagonal,input_div_b9_nearest,DIV,200000,0.002116786535491721,0.0001225610699037706,-1.8703298957928937e-07,0.19341035461261427,0.0015229344257501134,0.0
near_diagonal,OAM_ideal_L0,MUL,200000,4.5470075759830015,0.1117701917208166,-0.08326745291521327,24.99819402925853,23.54162819248795,0.0
near_diagonal,OAD_ideal_L0,DIV,200000,0.0001795329834556826,2.1691237594944606e-06,4.019159012989293e-07,0.0005086040498795613,0.0004935641163482686,0.0
near_diagonal,OAM_ideal_L1,MUL,200000,1.069430879518272,0.027966295036461294,-0.020847180452249207,6.249247517613254,5.648431858214069,0.0
near_diagonal,OAD_ideal_L1,DIV,200000,0.00013449515637915227,0.00012906750148045516,-2.956189388755137e-07,4.081390669356953,0.00029011812025656243,0.0
near_diagonal,OAM_ideal_L2,MUL,200000,0.2626789446663376,0.0069964526918766526,-0.005214763985029619,1.562161387805943,1.2972724364060126,0.0
near_diagonal,OAD_ideal_L2,DIV,200000,8.475018646503943e-05,7.015389246025227e-05,-3.433698328515605e-07,1.6526646331185773,0.00015451492011443925,0.0
near_diagonal,OAM_ideal_L3,MUL,200000,0.06526500059523228,0.0017485414142113021,-0.0013025856317348905,0.39046510440611976,0.2963814376672377,0.0
near_diagonal,OAD_ideal_L3,DIV,200000,6.681005424757741e-05,3.961535437009602e-05,-4.221215501064829e-07,0.5539189374400099,7.750333030770195e-05,0.0
near_diagonal,PLSAD_ideal_8planes,DIV,200000,0.7801093273916965,0.009815917380090055,-0.0024393973053436894,3.1251851067933143,2.8720135221494587,0.0
near_diagonal,Mitchell_ideal,MUL,200000,3.8390815601806865,0.1118949256742691,-0.08342940788020865,11.11106165911471,10.91518569622896,0.0
near_diagonal,Mitchell_ideal,DIV,200000,0.00029450807137113385,3.6355005999794673e-06,2.9450450274927976e-06,0.0007629210814111387,0.0007478811096309282,0.0
near_diagonal,FPD2D_unquantized_LP_2x4,DIV,200000,0.38912241178323725,0.004785586070750265,0.0011253675116999144,1.8447111881364922,1.1227516221053324,0.0
near_diagonal,FPD2D_unquantized_LP_2x8,DIV,200000,0.1903065814623143,0.0026444519000068333,0.0002144171938488338,0.8766750487070327,0.7958600782632256,0.0
near_diagonal,FPD2D_unquantized_LP_4x8,DIV,200000,0.09891614340455002,0.0012379964030284137,0.00027048061265347935,0.66565371542375,0.3312803656908748,0.0
near_diagonal,FPD2D_unquantized_LP_8x8,DIV,200000,0.03491673607499469,0.0003782101530662325,0.0003483935008013645,0.5007143935982125,0.06544067571496659,0.0
log_uniform,input_mul_b3_half0,MUL,200000,8.55083834110285,0.19121601998570514,-0.1739996164846977,20.837624155335018,16.91398600647003,0.0
log_uniform,input_div_realquot_b3_half0,DIV,200000,3.1937986940624272,0.04315868430724462,0.0030287443817522855,12.450265723835608,9.58214657246917,0.0
log_uniform,input_div_shortquot_b3_half0,DIV,200000,3.4758070707984685,0.04521975212684188,-0.007172319415561512,14.016311501196599,10.419769020656707,0.0
log_uniform,input_mul_b3_half1,MUL,200000,3.066777541846356,0.07518704169864424,0.0025431960153023034,12.825502136029876,8.896965690680043,0.0
log_uniform,input_div_realquot_b3_half1,DIV,200000,3.0533277690635128,0.04064517670258592,-0.0008257856107057689,12.372460364414644,8.790671822578823,0.0
log_uniform,input_div_shortquot_b3_half1,DIV,200000,3.376796901511689,0.044305880442317536,-0.014913413165561508,13.141490008393836,9.91090314309298,0.0
log_uniform,input_mul_b3_nearest,MUL,200000,3.052035253520541,0.07504864388186508,-0.0012909446096976958,11.883994780672746,8.715936527397025,0.0
log_uniform,input_div_b3_nearest,DIV,200000,3.0480551076373863,0.04064776786692393,0.0015222194969149007,12.320099030620698,8.732530909934123,0.0
log_uniform,input_mul_b5_half0,MUL,200000,2.2255612383446195,0.048896169034570426,-0.044704118437822696,5.784492037057172,4.530106814447067,0.0
log_uniform,input_div_realquot_b5_half0,DIV,200000,0.8022549541889712,0.010848641815229874,0.0008761503106561591,3.0943559989590885,2.3914457796338584,0.0
log_uniform,input_div_shortquot_b5_half0,DIV,200000,0.9005564034946753,0.011425939460281292,-0.0026166553530615117,4.083435596989339,2.7617050843663105,0.0
log_uniform,input_mul_b5_half1,MUL,200000,0.7642863970329205,0.018758585365592263,0.0001379543160835541,3.0899105806068836,2.196796712727434,0.0
log_uniform,input_div_realquot_b5_half1,DIV,200000,0.7648004356621135,0.010171555932658602,-5.928218615125897e-05,3.0762206044363767,2.191623115892975,0.0
log_uniform,input_div_shortquot_b5_half1,DIV,200000,0.8539233357037336,0.011115403498225668,-0.0038547412905615124,3.609425941192855,2.548674479362275,0.0
log_uniform,input_mul_b5_nearest,MUL,200000,0.7612590531345986,0.01871864856801483,-5.9577422197695894e-05,3.042853288028167,2.1886594294682093,0.0
log_uniform,input_div_b5_nearest,DIV,200000,0.7644962609893544,0.010193824728650056,6.870577586713526e-05,2.971389851866377,2.194178358617097,0.0
log_uniform,input_mul_b7_half0,MUL,200000,0.5619513439668584,0.01229535172877394,-0.01125025949006879,1.521980076054488,1.1525529460526602,0.0
log_uniform,input_div_realquot_b7_half0,DIV,200000,0.20001136881280013,0.002711884789623843,0.0002303321598693321,0.7730885601127007,0.6000636544786913,0.0
log_uniform,input_div_shortquot_b7_half0,DIV,200000,0.2266240390193755,0.002854285238739215,-0.0007129346499365123,1.0876918676232523,0.7057037358559973,0.0
log_uniform,input_mul_b7_half1,MUL,200000,0.19141287929963338,0.004700209535531116,5.6546639839447235e-06,0.7571051241183088,0.5483557291722244,0.0
log_uniform,input_div_realquot_b7_half1,DIV,200000,0.19075028028805655,0.0025414670052347336,-8.45941372396704e-07,0.7376835057099931,0.5476225683943668,0.0
log_uniform,input_div_shortquot_b7_half1,DIV,200000,0.21369872200308915,0.0027793198137994147,-0.0009718799624365125,0.8979016133402715,0.6427303461711136,0.0
log_uniform,input_mul_b7_nearest,MUL,200000,0.19081967526161417,0.004685851592019431,-7.7543020805084e-06,0.7535088048423746,0.5459964232314476,0.0
log_uniform,input_div_b7_nearest,DIV,200000,0.19071733162666427,0.0025421253469605823,1.2265677889645859e-05,0.757856627540687,0.5466716119552992,0.0
log_uniform,input_mul_b9_half0,MUL,200000,0.14082956438759353,0.003077521078613785,-0.002816859068926211,0.38483143031348926,0.2890659200833023,0.0
log_uniform,input_div_realquot_b9_half0,DIV,200000,0.04992999259656089,0.0006777745364207988,5.695989355455956e-05,0.19228012423134658,0.14977399962487323,0.0
log_uniform,input_div_shortquot_b9_half0,DIV,200000,0.05685544333678201,0.000714227425283392,-0.0001844019350927623,0.266461403199231,0.17765574714259547,0.0
log_uniform,input_mul_b9_half1,MUL,200000,0.04783157861239173,0.0011748630256988401,-2.3665483828713142e-08,0.19149763340743142,0.13688797214715284,0.0
log_uniform,input_div_realquot_b9_half1,DIV,200000,0.04768912784472492,0.0006359692081054455,-6.476804326081359e-07,0.1847655888438562,0.13740749467245988,0.0
log_uniform,input_div_shortquot_b9_half1,DIV,200000,0.0534341598058617,0.0006955115804097511,-0.00024410652493651224,0.22911536790041565,0.1606228071394162,0.0
log_uniform,input_mul_b9_nearest,MUL,200000,0.047730606770696994,0.0011740806330303546,2.5795792976654274e-06,0.18245698616127226,0.13707166413193572,0.0
log_uniform,input_div_b9_nearest,DIV,200000,0.0476698559804628,0.0006351059775109454,1.5490807965704122e-06,0.18847931867453316,0.13669272509112232,0.0
log_uniform,OAM_ideal_L0,MUL,200000,3.637878183473188,0.08598220115872356,-0.0033881105818220477,24.956740148907667,18.3204126232484,0.0
log_uniform,OAD_ideal_L0,DIV,200000,4.404572219065763,0.07139759278195129,-0.040588717563336534,32.90619973117824,23.253025733892628,0.0
log_uniform,OAM_ideal_L1,MUL,200000,0.843511823795466,0.021045537200049858,-0.00029472246032829705,6.231977214462105,3.7395336441452667,0.0
log_uniform,OAD_ideal_L1,DIV,200000,1.2235572169305402,0.02134158039021054,-0.011830215424833621,9.915309471301262,6.117006648722424,0.0
log_uniform,OAM_ideal_L2,MUL,200000,0.20507875853688406,0.005224855983790763,-2.6731771089137906e-05,1.5543916836834484,0.8703051211573921,0.0
log_uniform,OAD_ideal_L2,DIV,200000,0.31502668760703617,0.005685758869848453,-0.0030934751499299,2.7289320406627438,1.6414700661032713,0.0
log_uniform,OAM_ideal_L3,MUL,200000,0.051036673286247884,0.0013046186115863363,-2.952224083031838e-06,0.3867979024051458,0.21230421518173118,0.0
log_uniform,OAD_ideal_L3,DIV,200000,0.07956504812908381,0.0014509277877103822,-0.000785884982643092,0.7256498955245433,0.417114301597757,0.0
log_uniform,PLSAD_ideal_8planes,DIV,200000,0.8710854207064453,0.01260386228229716,0.000418185170917463,5.050753797271191,3.3842107637117294,0.0
log_uniform,Mitchell_ideal,MUL,200000,3.821670617502608,0.1027373432239507,-0.080153413380696,11.109600948176704,10.474101803928459,0.0
log_uniform,Mitchell_ideal,DIV,200000,4.066191371136982,0.055660921264400844,0.04198026827279933,12.496944791019034,11.710039242562189,0.0
log_uniform,FPD2D_unquantized_LP_2x4,DIV,200000,0.44317125991835155,0.007158408645242188,-0.001772385359708909,3.699347481880776,2.1257124155176594,0.0
log_uniform,FPD2D_unquantized_LP_2x8,DIV,200000,0.2069159100141588,0.003203128526117244,-0.0005134663381827392,1.7078741680749046,0.910407299825988,0.0
log_uniform,FPD2D_unquantized_LP_4x8,DIV,200000,0.11240967785665225,0.0017987288815625524,-0.0004563067490938451,1.0214119322130308,0.5460092661389222,0.0
log_uniform,FPD2D_unquantized_LP_8x8,DIV,200000,0.07084198016970408,0.0011780489347678197,-0.00033285884000949713,0.6599413667213295,0.35928809830803315,0.0
