dataset,design,level,drop,retained_difference_fraction_bits,cases,mae,mred,rmse,mean_error,max_relative,author_normalizer_out_of_range_cases,equation27_normalized_rmse,equation27_mred,area_um2,delay_ns,slack_ns,power_mw,dc_report,pt_dir,scope,adp_um2_ns,gate_vectors,status
uniform_100k,pace_z_l1_d0,1,0,23,100000,0.02831051445682432,0.026181617164544212,0.045222442778428,-0.008381513045365371,0.12454696633194891,0,0.045222427046790845,0.026181607774909885,990.000008,2.21436,7.76564,0.0446706,experiments/pace_difference_truncation/dc/pace_z_l1_d0/pace_z_l1_d0.dc.rpt,experiments/pace_difference_truncation/pt/pace_z_l1_d0,figure8_count_range,2192.21641771488,4869,pass
uniform_100k,pace_z_l1_d4,1,4,19,100000,0.0283105225383977,0.02618153832317634,0.045222582301253714,-0.008382049653465309,0.12454588985849299,0,0.045222582301253714,0.02618153832317634,915.480008,2.28734,7.69266,0.0404791,experiments/pace_difference_truncation/dc/pace_z_l1_d4/pace_z_l1_d4.dc.rpt,experiments/pace_difference_truncation/pt/pace_z_l1_d4,figure8_count_range,2094.01404149872,4869,pass
uniform_100k,pace_z_l1_d8,1,8,15,100000,0.028310836464133536,0.026180410233059302,0.04522504983876226,-0.00839100512259678,0.12453871336878691,0,0.04522504983876226,0.026180410233059302,802.440008,2.36228,7.61772,0.0341312,experiments/pace_difference_truncation/dc/pace_z_l1_d8/pace_z_l1_d8.dc.rpt,experiments/pace_difference_truncation/pt/pace_z_l1_d8,figure8_count_range,1895.5879820982402,4869,pass
uniform_100k,pace_z_l1_d12,1,12,11,100000,0.028317620183615163,0.02616429838887665,0.0452648903001347,-0.00853413729422764,0.12435499523231104,0,0.0452648903001347,0.02616429838887665,689.400007,2.43718,7.54282,0.027947299999999998,experiments/pace_difference_truncation/dc/pace_z_l1_d12/pace_z_l1_d12.dc.rpt,experiments/pace_difference_truncation/pt/pace_z_l1_d12,figure8_count_range,1680.19190906026,4869,pass
uniform_100k,pace_z_l1_d14,1,14,9,100000,0.02835610066622596,0.026130242808973712,0.045398818814305325,-0.008992035243446399,0.12435499523231104,0,0.045398818814305325,0.026130242808973712,632.880007,2.47463,7.50537,0.0248755,experiments/pace_difference_truncation/dc/pace_z_l1_d14/pace_z_l1_d14.dc.rpt,experiments/pace_difference_truncation/pt/pace_z_l1_d14,figure8_count_range,1566.1438517224099,4869,pass
uniform_100k,pace_z_l1_d15,1,15,8,100000,0.028432158663962957,0.02611113712773011,0.04558199520841899,-0.009601376063758892,0.1248533414365073,0,0.04558199520841899,0.02611113712773011,604.080007,2.48385,7.49615,0.023207,experiments/pace_difference_truncation/dc/pace_z_l1_d15/pace_z_l1_d15.dc.rpt,experiments/pace_difference_truncation/pt/pace_z_l1_d15,figure8_count_range,1500.44412538695,4869,pass
uniform_100k,pace_z_l1_d16,1,16,7,100000,0.028665667953475478,0.02615612159278729,0.045988713244470784,-0.010820760829383793,0.1261395286246948,0,0.045988713244470784,0.02615612159278729,576.360007,2.51208,7.46792,0.0217117,experiments/pace_difference_truncation/dc/pace_z_l1_d16/pace_z_l1_d16.dc.rpt,experiments/pace_difference_truncation/pt/pace_z_l1_d16,figure8_count_range,1447.8624463845601,4869,pass
uniform_100k,pace_z_l1_d17,1,17,6,100000,0.02938399629955076,0.026514091405259982,0.04691331612274661,-0.013266932704383798,0.12779336380570155,0,0.04691331612274661,0.026514091405259982,547.560007,2.52133,7.45867,0.0201529,experiments/pace_difference_truncation/dc/pace_z_l1_d17/pace_z_l1_d17.dc.rpt,experiments/pace_difference_truncation/pt/pace_z_l1_d17,figure8_count_range,1380.57947244931,4869,pass
uniform_100k,pace_z_l1_d18,1,18,5,100000,0.03154714116238133,0.028007703509320487,0.04923218158502632,-0.018172245204383753,0.1336734085440901,0,0.04923218158502632,0.028007703509320487,519.840007,2.54963,7.43037,0.0186014,experiments/pace_difference_truncation/dc/pace_z_l1_d18/pace_z_l1_d18.dc.rpt,experiments/pace_difference_truncation/pt/pace_z_l1_d18,figure8_count_range,1325.39967704741,4869,pass
uniform_100k,pace_z_l2_d0,2,0,23,100000,0.015214371355194711,0.014989982089724107,0.02234211700567362,-0.0005454967122622293,0.0925537267611602,0,0.022342101879467415,0.014989975533954775,1486.440012,2.41881,7.56119,0.0759092,experiments/pace_difference_truncation/dc/pace_z_l2_d0/pace_z_l2_d0.dc.rpt,experiments/pace_difference_truncation/pt/pace_z_l2_d0,figure8_count_range,3595.41596542572,4869,pass
uniform_100k,pace_z_l2_d4,2,4,19,100000,0.015214325192788038,0.01498984972897044,0.022342165428562308,-0.000546042369539336,0.09255289395411971,0,0.022342165428562308,0.01498984972897044,1367.640011,2.49213,7.48787,0.06883410000000001,experiments/pace_difference_truncation/dc/pace_z_l2_d4/pace_z_l2_d4.dc.rpt,experiments/pace_difference_truncation/pt/pace_z_l2_d4,figure8_count_range,3408.33670061343,4869,pass
uniform_100k,pace_z_l2_d8,2,8,15,100000,0.015213754197680623,0.014987823113786755,0.02234315782550712,-0.0005554468416519903,0.09253623781331004,0,0.02234315782550712,0.014987823113786755,1181.52001,2.56779,7.41221,0.0569739,experiments/pace_difference_truncation/dc/pace_z_l2_d8/pace_z_l2_d8.dc.rpt,experiments/pace_difference_truncation/pt/pace_z_l2_d8,figure8_count_range,3033.8952664779,4869,pass
uniform_100k,pace_z_l2_d12,2,12,11,100000,0.015207524780607714,0.014958353022758166,0.022360012344385335,-0.0007057467912979868,0.09242963851212814,0,0.022360012344385335,0.014958353022758166,983.520009,2.64367,7.33633,0.0450053,experiments/pace_difference_truncation/dc/pace_z_l2_d12/pace_z_l2_d12.dc.rpt,experiments/pace_difference_truncation/pt/pace_z_l2_d12,figure8_count_range,2600.10234219303,4869,pass
uniform_100k,pace_z_l2_d14,2,14,9,100000,0.01520990285825053,0.014886967994946288,0.022425084143702097,-0.001186656825477672,0.09218173442687275,0,0.022425084143702097,0.014886967994946288,884.160009,2.68152,7.29848,0.0390078,experiments/pace_difference_truncation/dc/pace_z_l2_d14/pace_z_l2_d14.dc.rpt,experiments/pace_difference_truncation/pt/pace_z_l2_d14,figure8_count_range,2370.89274733368,4869,pass
uniform_100k,pace_z_l2_d15,2,15,8,100000,0.015252395184453281,0.014832818706127198,0.022530515556398012,-0.0018263467668839274,0.09218173442687275,0,0.022530515556398012,0.014832818706127198,834.120009,2.69094,7.28906,0.0360557,experiments/pace_difference_truncation/dc/pace_z_l2_d15/pace_z_l2_d15.dc.rpt,experiments/pace_difference_truncation/pt/pace_z_l2_d15,figure8_count_range,2244.5668970184597,4869,pass
uniform_100k,pace_z_l2_d16,2,16,7,100000,0.015459184626101442,0.014846306434811081,0.02282393755054408,-0.0031067618059464337,0.09157684410267293,0,0.02282393755054408,0.014846306434811081,785.160008,2.71937,7.26063,0.033105499999999996,experiments/pace_difference_truncation/dc/pace_z_l2_d16/pace_z_l2_d16.dc.rpt,experiments/pace_difference_truncation/pt/pace_z_l2_d16,figure8_count_range,2135.14057095496,4869,pass
uniform_100k,pace_z_l2_d17,2,17,6,100000,0.016184284806045647,0.015200845417770557,0.02367708078289187,-0.005673895595009006,0.09157684410267293,0,0.02367708078289187,0.015200845417770557,735.120008,2.72879,7.25121,0.0300506,experiments/pace_difference_truncation/dc/pace_z_l2_d17/pace_z_l2_d17.dc.rpt,experiments/pace_difference_truncation/pt/pace_z_l2_d17,figure8_count_range,2005.98812663032,4869,pass
uniform_100k,pace_z_l2_d18,2,18,5,100000,0.018573350230799465,0.016947775102867102,0.026369608501765136,-0.010824530360633794,0.09157684410267293,0,0.026369608501765136,0.016947775102867102,686.160008,2.75722,7.22278,0.0269503,experiments/pace_difference_truncation/dc/pace_z_l2_d18/pace_z_l2_d18.dc.rpt,experiments/pace_difference_truncation/pt/pace_z_l2_d18,figure8_count_range,1891.8940972577598,4869,pass
uniform_100k,pace_z_l3_d0,3,0,23,100000,0.005894003944320034,0.005595961018913418,0.009186388234397729,0.001356316558783455,0.24037140393534576,5,0.009146939428101625,0.005584602318410589,2208.600012,2.82996,7.15004,0.12439100000000002,experiments/pace_difference_truncation/dc/pace_z_l3_d0/pace_z_l3_d0.dc.rpt,experiments/pace_difference_truncation/pt/pace_z_l3_d0,figure8_count_range,6250.249689959519,4869,pass
uniform_100k,pace_z_l3_d4,3,4,19,100000,0.005893949194651327,0.0055958832165019035,0.009186308460849266,0.0013557588250092687,0.24037128556708623,5,0.009146853159391084,0.005584519714060471,2074.320012,2.89742,7.08258,0.116259,experiments/pace_difference_truncation/dc/pace_z_l3_d4/pace_z_l3_d4.dc.rpt,experiments/pace_difference_truncation/pt/pace_z_l3_d4,figure8_count_range,6010.1762891690405,4869,pass
uniform_100k,pace_z_l3_d8,3,8,15,100000,0.005893035291697854,0.005594574306934769,0.009184880718740854,0.0013459011799744837,0.24036465694455172,5,0.009145417040042108,0.005583209597489061,1843.560011,2.97194,7.00806,0.09824440000000001,experiments/pace_difference_truncation/dc/pace_z_l3_d8/pace_z_l3_d8.dc.rpt,experiments/pace_difference_truncation/pt/pace_z_l3_d8,figure8_count_range,5478.94973909134,4869,pass
uniform_100k,pace_z_l3_d12,3,12,11,100000,0.0058840719937198905,0.005579211447055761,0.009164195621035253,0.0011879559159926638,0.24025694182836646,5,0.009124669815887262,0.005567864025594665,1479.960007,3.03179,6.94821,0.0710085,experiments/pace_difference_truncation/dc/pace_z_l3_d12/pace_z_l3_d12.dc.rpt,experiments/pace_difference_truncation/pt/pace_z_l3_d12,figure8_count_range,4486.92794962253,4869,pass
uniform_100k,pace_z_l3_d14,3,14,9,100000,0.005904133757733446,0.005579725497139312,0.009124260347322433,0.0006825821042708614,0.24025694182836646,5,0.009084610947556918,0.005568408802199945,1326.960007,3.06961,6.91039,0.0617246,experiments/pace_difference_truncation/dc/pace_z_l3_d14/pace_z_l3_d14.dc.rpt,experiments/pace_difference_truncation/pt/pace_z_l3_d14,figure8_count_range,4073.2497070872696,4869,pass
uniform_100k,pace_z_l3_d15,3,15,8,100000,0.006011900144527422,0.005664149800425341,0.009129243226088215,1.0504200523296254e-05,0.24025694182836646,5,0.009089736625041162,0.005652906860203556,1249.560007,3.07897,6.90103,0.0570406,experiments/pace_difference_truncation/dc/pace_z_l3_d15/pace_z_l3_d15.dc.rpt,experiments/pace_difference_truncation/pt/pace_z_l3_d15,figure8_count_range,3847.35777475279,4869,pass
uniform_100k,pace_z_l3_d16,3,16,7,100000,0.006420839854100905,0.006031241559758383,0.009350274824308743,-0.0013349769853897811,0.2394140222463604,5,0.009311943071084787,0.006020146147626413,1173.960007,3.10725,6.87275,0.0518207,experiments/pace_difference_truncation/dc/pace_z_l3_d16/pace_z_l3_d16.dc.rpt,experiments/pace_difference_truncation/pt/pace_z_l3_d16,figure8_count_range,3647.78723175075,4869,pass
uniform_100k,pace_z_l3_d17,3,17,6,100000,0.007748562647915016,0.00730073779738451,0.010514007708797412,-0.004032988612587129,0.23744414887066018,5,0.010480687273890316,0.007290134205624175,1096.920007,3.08312,6.89688,0.047174600000000004,experiments/pace_difference_truncation/dc/pace_z_l3_d17/pace_z_l3_d17.dc.rpt,experiments/pace_difference_truncation/pt/pace_z_l3_d17,figure8_count_range,3381.93601198184,4869,pass
uniform_100k,pace_z_l3_d18,3,18,5,100000,0.011656078837973132,0.011208898598488882,0.014941455914938789,-0.009392357509071381,0.23744414887066018,46,0.014744845695527864,0.011121264856684718,1020.960007,3.09744,6.88256,0.042119800000000006,experiments/pace_difference_truncation/dc/pace_z_l3_d18/pace_z_l3_d18.dc.rpt,experiments/pace_difference_truncation/pt/pace_z_l3_d18,extra_stress,3162.36236408208,4869,pass
uniform_100k,pace_z_l4_d0,4,0,23,100000,0.0038530492369118416,0.003802856911126312,0.005937653268606442,0.0018179546482018588,0.24037140393534576,5,0.005876461165530487,0.0037915186681182515,3098.880012,3.00937,6.97063,0.175699,experiments/pace_difference_truncation/dc/pace_z_l4_d0/pace_z_l4_d0.dc.rpt,experiments/pace_difference_truncation/pt/pace_z_l4_d0,figure8_count_range,9325.67654171244,4869,pass
uniform_100k,pace_z_l4_d4,4,4,19,100000,0.0038529297731777637,0.003802717128117559,0.005937474651151477,0.0018174081111601947,0.24037128556708623,5,0.00587625577392771,0.003791362012223484,2962.080012,3.10833,6.87167,0.165761,experiments/pace_difference_truncation/dc/pace_z_l4_d4/pace_z_l4_d4.dc.rpt,experiments/pace_difference_truncation/pt/pace_z_l4_d4,figure8_count_range,9207.12216369996,4869,pass
uniform_100k,pace_z_l4_d8,4,8,15,100000,0.0038508036588255187,0.0038002512041774737,0.0059342060132980875,0.0018075522655896315,0.24036465694455172,5,0.005872939641019502,0.003788886494731772,2670.120013,3.25285,6.72715,0.143685,experiments/pace_difference_truncation/dc/pace_z_l4_d8/pace_z_l4_d8.dc.rpt,experiments/pace_difference_truncation/pt/pace_z_l4_d8,figure8_count_range,8685.49988428705,4869,pass
uniform_100k,pace_z_l4_d12,4,12,11,100000,0.0038247779455942896,0.003768622836608441,0.005885794567467922,0.001649172766273416,0.24025694182836646,5,0.0058240617749812235,0.003757275415147337,2200.680012,3.32925,6.65075,0.10965599999999999,experiments/pace_difference_truncation/dc/pace_z_l4_d12/pace_z_l4_d12.dc.rpt,experiments/pace_difference_truncation/pt/pace_z_l4_d12,figure8_count_range,7326.613929951,4869,pass
uniform_100k,pace_z_l4_d14,4,14,9,100000,0.0038059368102243683,0.0037327884093438656,0.005766619513658731,0.0011424026609114864,0.24025694182836646,5,0.0057036768665537025,0.003721471714404498,1927.080011,3.31746,6.66254,0.09093689999999999,experiments/pace_difference_truncation/dc/pace_z_l4_d14/pace_z_l4_d14.dc.rpt,experiments/pace_difference_truncation/pt/pace_z_l4_d14,figure8_count_range,6393.01085329206,4869,pass
uniform_100k,pace_z_l4_d15,4,15,8,100000,0.003892804134534783,0.003797556092413528,0.005705538640932134,0.0004685922742537636,0.24025694182836646,5,0.005642109642208919,0.0037863131521917465,1813.320011,3.27278,6.70722,0.08092139999999999,experiments/pace_difference_truncation/dc/pace_z_l4_d15/pace_z_l4_d15.dc.rpt,experiments/pace_difference_truncation/pt/pace_z_l4_d15,figure8_count_range,5934.59746560058,4869,pass
uniform_100k,pace_z_l4_d16,4,16,7,100000,0.004322302774396419,0.004189525640938446,0.005912331691596479,-0.0008804216265030644,0.2394140222463604,5,0.005851522066990595,0.004178430228806473,1697.040011,3.30101,6.67899,0.0770492,experiments/pace_difference_truncation/dc/pace_z_l4_d16/pace_z_l4_d16.dc.rpt,experiments/pace_difference_truncation/pt/pace_z_l4_d16,figure8_count_range,5601.94604671111,4869,pass
uniform_100k,pace_z_l4_d17,4,17,6,100000,0.005836176207874207,0.005664516383180623,0.007408506722028967,-0.003585462977821476,0.23744414887066018,5,0.007361142539224688,0.005653912791420285,1581.12001,3.31046,6.66954,0.0702074,experiments/pace_difference_truncation/dc/pace_z_l4_d17/pace_z_l4_d17.dc.rpt,experiments/pace_difference_truncation/pt/pace_z_l4_d17,extra_stress,5234.2345483046,4869,pass
uniform_100k,pace_z_l4_d18,4,18,5,100000,0.010260714558119482,0.010116855643657465,0.012710335011197938,-0.008959501063758899,0.23744414887066018,46,0.012478621150742246,0.010029221901853274,1466.28001,3.3389,6.6411,0.0626738,experiments/pace_difference_truncation/dc/pace_z_l4_d18/pace_z_l4_d18.dc.rpt,experiments/pace_difference_truncation/pt/pace_z_l4_d18,extra_stress,4895.762325389,4869,pass
